provincia,latitud,longitud,edad_aprox.,sexo,motivo_desaparcion,motivo_desaparcion_obs.,fecha_desaparicion,estado_desaparecido,zona_localizacion,provincia_localizacion,fecha_localizacion,latitud_localizacion,longitud_localizacion
GUAYAS,-2.08214878165438355,-79.9514445436553984,16,MUJER,,,31/1/2025,En Investigación,,,,,
PICHINCHA,-0.126239356906661937,-78.3194521153153573,12,MUJER,A24-CAUSAS ACADÉMICAS,ACADÉMICO/ESCOLAR (RENDIMIENTO),31/1/2025,Voluntaria,ZONA 9,D.M. QUITO,4/2/2025,-0.14241,-78.50007
GUAYAS,-2.07274074699685906,-79.9341106574096756,14,HOMBRE,FALLECIDO,ASESINATO,31/1/2025,Fallecido,ZONA 8,D.M. GUAYAQUIL,10/2/2025,-2.19518,-79.93854
CHIMBORAZO,-1.66727570000000003,-78.6438220000000001,36,MUJER,A24-CAUSAS FAMILIARES,NO RELACIONADOS A VIOLENCIA,31/1/2025,Voluntaria,ZONA 3,CHIMBORAZO,4/2/2025,-1.67299,-78.65637
PICHINCHA,-0.105414599999999997,-78.529146499999996,10,HOMBRE,A24-CAUSAS PERSONALES,CIRCUNSTANCIAL,30/1/2025,Voluntaria,ZONA 9,D.M. QUITO,30/1/2025,-0.12353,-78.50485
CHIMBORAZO,-1.64557880965371184,-78.6788457400722194,16,HOMBRE,A24-CAUSAS PERSONALES,CIRCUNSTANCIAL,30/1/2025,Voluntaria,ZONA 3,CHIMBORAZO,2/2/2025,-1.67268,-78.65163
GUAYAS,-2.18243899294928756,-79.8464401066303253,17,MUJER,A24-CAUSAS PERSONALES,CIRCUNSTANCIAL,30/1/2025,Voluntaria,ZONA 8,D.M. GUAYAQUIL,1/2/2025,-2.14308,-79.87934
CHIMBORAZO,-2.28927071665630733,-78.9219277722177281,14,MUJER,A24-CAUSAS PERSONALES,RELACIÓN AFECTIVA,30/1/2025,Voluntaria,ZONA 3,CHIMBORAZO,3/2/2025,-2.28965,-78.92055
CHIMBORAZO,-1.65930738222503549,-78.668214051228361,15,MUJER,A24-CAUSAS PERSONALES,RELACIÓN AFECTIVA,30/1/2025,Voluntaria,ZONA 3,CHIMBORAZO,2/2/2025,-1.67267,-78.65153
IMBABURA,0.243675336325401171,-78.0840921176007612,15,MUJER,A24-CAUSAS PERSONALES,RELACIÓN AFECTIVA,30/1/2025,Voluntaria,ZONA 1,IMBABURA,3/2/2025,0.3516,-78.11676
GUAYAS,-2.09447099999999997,-79.918943700000014,13,MUJER,,,30/1/2025,En Investigación,,,,,
GUAYAS,-2.18913409999999997,-79.8899030999999979,15,MUJER,A24-CAUSAS PERSONALES,CIRCUNSTANCIAL,30/1/2025,Voluntaria,ZONA 8,D.M. GUAYAQUIL,10/2/2025,-2.21954,-79.93968
GUAYAS,-2.23744429221820251,-79.892369403177355,20,MUJER,A24-CAUSAS FAMILIARES,NO RELACIONADOS A VIOLENCIA,30/1/2025,Voluntaria,ZONA 8,D.M. GUAYAQUIL,9/2/2025,-2.23765,-79.89292
GUAYAS,-2.19646790000000003,-79.9167327999999912,13,HOMBRE,,,29/1/2025,En Investigación,,,,,
LOS RIOS,-1.79574870000000009,-79.5330684999999988,26,HOMBRE,,,29/1/2025,En Investigación,,,,,
NAPO,-1.06809132892909076,-77.9105617313553438,13,MUJER,A24-CAUSAS FAMILIARES,NO RELACIONADOS A VIOLENCIA,29/1/2025,Voluntaria,ZONA 2,NAPO,1/2/2025,-1.06555,-77.90702
PICHINCHA,-0.206636500000000001,-78.5051749999999942,49,MUJER,A24-EXTRAVIADO - DISCAPACIDAD / ENFERMEDADES / TRASTORNOS,DISCAPACIDAD PSICOSOCIAL,29/1/2025,En Investigación,ZONA 1,IMBABURA,9/2/2025,0.34715,-78.13236
AZUAY,-2.91585729999999987,-79.0277773999999908,14,MUJER,A24-CAUSAS PERSONALES,CIRCUNSTANCIAL,29/1/2025,Voluntaria,ZONA 6,AZUAY,29/1/2025,-2.89167,-79.00113
PICHINCHA,-0.339176599999999995,-78.5502151000000026,16,MUJER,A24-CAUSAS PERSONALES,CIRCUNSTANCIAL,29/1/2025,Voluntaria,ZONA 9,D.M. QUITO,1/2/2025,-0.14245,-78.50019
PICHINCHA,0.0425350999999999993,-78.1458803999999958,14,MUJER,A24-CAUSAS PERSONALES,CIRCUNSTANCIAL,29/1/2025,Voluntaria,ZONA 1,IMBABURA,6/2/2025,0.35818,-78.13007
PICHINCHA,-0.211282599999999987,-78.5120450999999946,20,HOMBRE,A24-CAUSAS PERSONALES,CIRCUNSTANCIAL,29/1/2025,Voluntaria,ZONA 9,D.M. QUITO,3/2/2025,-0.14245,-78.50019
EL ORO,-3.25828106563039999,-79.966365014785211,15,MUJER,A24-CAUSAS FAMILIARES,NO RELACIONADOS A VIOLENCIA,29/1/2025,Voluntaria,ZONA 7,EL ORO,3/2/2025,-3.24515,-79.93862
PICHINCHA,-0.233196199999999992,-78.5323020999999954,13,HOMBRE,A24-CAUSAS PERSONALES,CIRCUNSTANCIAL,29/1/2025,Voluntaria,ZONA 9,D.M. QUITO,3/2/2025,-0.27977,-78.51497
LOS RIOS,-1.02003717711574593,-79.4720707364273835,14,MUJER,A24-CAUSAS PERSONALES,CIRCUNSTANCIAL,29/1/2025,Voluntaria,ZONA 5,LOS RIOS,9/2/2025,-1.01099,-79.46628
IMBABURA,0.209721099999999994,-78.1060485,40,HOMBRE,A24-CAUSAS SOCIALES,ALCOHOLISMO,29/1/2025,Voluntaria,ZONA 1,IMBABURA,30/1/2025,0.35162,-78.11728
PICHINCHA,-0.170841983351066651,-78.4799900295996196,21,HOMBRE,A24-CAUSAS PERSONALES,CIRCUNSTANCIAL,29/1/2025,Voluntaria,ZONA 9,D.M. QUITO,30/1/2025,-0.22325,-78.51411
GUAYAS,-2.09887230000000002,-79.9542438000000004,15,MUJER,,,29/1/2025,En Investigación,,,,,
GUAYAS,-2.08105630000000019,-79.9517009000000058,15,MUJER,A24-CAUSAS FAMILIARES,NO RELACIONADOS A VIOLENCIA,29/1/2025,Voluntaria,ZONA 8,D.M. GUAYAQUIL,30/1/2025,-2.10488,-79.93092
TUNGURAHUA,-1.2380006101949923,-78.6229383945465088,18,HOMBRE,A24-CAUSAS PERSONALES,CIRCUNSTANCIAL,29/1/2025,Voluntaria,ZONA 3,TUNGURAHUA,4/2/2025,-1.26151,-78.64271
TUNGURAHUA,-1.26963730000000008,-78.6337086999999997,16,HOMBRE,A24-CAUSAS PERSONALES,RELACIÓN AFECTIVA,29/1/2025,Voluntaria,ZONA 3,TUNGURAHUA,4/2/2025,-1.26964,-78.63371
CHIMBORAZO,-1.65494296398123852,-78.6819985958462382,25,HOMBRE,A24-CAUSAS PERSONALES,CIRCUNSTANCIAL,29/1/2025,Voluntaria,ZONA 3,CHIMBORAZO,31/1/2025,-1.67292,-78.65167
CHIMBORAZO,-1.66424323447768674,-78.6495899128820781,14,MUJER,A24-CAUSAS PERSONALES,CIRCUNSTANCIAL,29/1/2025,Voluntaria,ZONA 3,CHIMBORAZO,30/1/2025,-1.67289,-78.6515
SANTO DOMINGO DE LOS TSACHILAS,-0.052128271354914657,-79.4428736017860047,12,MUJER,A24-CAUSAS PERSONALES,CIRCUNSTANCIAL,29/1/2025,Voluntaria,ZONA 4,SANTO DOMINGO DE LOS TSACHILAS,3/2/2025,-0.05453,-79.43706
COTOPAXI,-0.928904845945484725,-78.5606575012207031,28,MUJER,A24-CAUSAS SOCIALES,ALCOHOLISMO,29/1/2025,Voluntaria,ZONA 3,COTOPAXI,1/2/2025,-0.90453,-78.58765
COTOPAXI,-0.899135522366422801,-78.6002103120256237,14,HOMBRE,A24-CAUSAS PERSONALES,CIRCUNSTANCIAL,29/1/2025,Voluntaria,ZONA 3,COTOPAXI,2/2/2025,-0.92447,-78.61993
PICHINCHA,-0.233196199999999992,-78.5323020999999954,13,MUJER,A24-CAUSAS PERSONALES,CIRCUNSTANCIAL,29/1/2025,Voluntaria,ZONA 9,D.M. QUITO,30/1/2025,-0.25233,-78.54271
GUAYAS,-2.17659290000000016,-79.8871468999999905,46,HOMBRE,A24-POSIBLE VINCULACION A DELITO,SECUESTRO EXTORSIVO,28/1/2025,Involuntaria,ZONA 8,D.M. GUAYAQUIL,13/2/2025,-2.04748,-79.94515
PICHINCHA,-0.190436400000000006,-78.4826121999999913,16,MUJER,A24-CAUSAS PERSONALES,CIRCUNSTANCIAL,28/1/2025,Voluntaria,ZONA 9,D.M. QUITO,9/2/2025,-0.14245,-78.50019
SANTO DOMINGO DE LOS TSACHILAS,-0.244748822401068128,-79.3433880670834384,2,HOMBRE,A24-CAUSAS PERSONALES,CIRCUNSTANCIAL,28/1/2025,Voluntaria,ZONA 4,SANTO DOMINGO DE LOS TSACHILAS,30/1/2025,-0.24364,-79.34
IMBABURA,0.243226300000000006,-78.2659658000000036,16,MUJER,,,28/1/2025,En Investigación,,,,,
GUAYAS,-2.09501839999999984,-79.9867897999999968,17,HOMBRE,A24-CAUSAS PERSONALES,CIRCUNSTANCIAL,28/1/2025,Voluntaria,ZONA 8,D.M. GUAYAQUIL,9/2/2025,-2.09524,-79.98709
BOLIVAR,-1.43478272892196745,-79.2748848267660691,17,MUJER,A24-CAUSAS FAMILIARES,NO RELACIONADOS A VIOLENCIA,28/1/2025,Voluntaria,ZONA 5,BOLIVAR,30/1/2025,-1.43314,-79.28559
GUAYAS,-2.13071540000000015,-79.9637585999999914,16,MUJER,A24-CAUSAS FAMILIARES,NO RELACIONADOS A VIOLENCIA,28/1/2025,Voluntaria,ZONA 8,D.M. GUAYAQUIL,3/2/2025,-2.13096,-79.9381
PICHINCHA,-0.245266000000000012,-78.5234902999999917,31,HOMBRE,A24-CAUSAS PERSONALES,CIRCUNSTANCIAL,28/1/2025,Voluntaria,ZONA 9,D.M. QUITO,9/2/2025,-0.23549,-78.52278
MORONA SANTIAGO,-2.53750279999999995,-78.1641522999999978,15,MUJER,A24-CAUSAS PERSONALES,CIRCUNSTANCIAL,28/1/2025,Voluntaria,ZONA 6,MORONA SANTIAGO,17/2/2025,-2.45621,-78.17221
GUAYAS,-2.17026721519022781,-79.7951019428474666,16,MUJER,A24-CAUSAS PERSONALES,RELACIÓN AFECTIVA,28/1/2025,Voluntaria,ZONA 8,D.M. GUAYAQUIL,9/2/2025,-2.17692,-79.81003
SANTO DOMINGO DE LOS TSACHILAS,-0.252188199999999973,-79.187938299999999,15,MUJER,A24-CAUSAS PERSONALES,RELACIÓN AFECTIVA,28/1/2025,Voluntaria,ZONA 4,SANTO DOMINGO DE LOS TSACHILAS,30/1/2025,-0.24754,-79.16781
NAPO,-0.908562399999999992,-77.808136300000001,13,MUJER,PROBLEMAS FAMILIARES,PROBLEMAS SENTIMENTALES,28/1/2025,Voluntaria,ZONA 2,NAPO,4/2/2025,-0.90915,-77.80831
SANTO DOMINGO DE LOS TSACHILAS,-0.244748822401068128,-79.3433880670834384,27,MUJER,A24-CAUSAS PERSONALES,CIRCUNSTANCIAL,28/1/2025,Voluntaria,ZONA 4,SANTO DOMINGO DE LOS TSACHILAS,30/1/2025,-0.24364,-79.34
PICHINCHA,-0.516460900000000001,-78.5698227000000031,16,MUJER,,,27/1/2025,En Investigación,,,,,
GUAYAS,-2.12252930000000006,-80.0001350000000002,24,HOMBRE,,,27/1/2025,En Investigación,,,,,
ESMERALDAS,0.610561499999999979,-80.0190795999999978,14,MUJER,,,27/1/2025,En Investigación,,,,,
GUAYAS,-1.85271999999999992,-79.9797379999999976,17,MUJER,A24-CAUSAS PERSONALES,CIRCUNSTANCIAL,27/1/2025,Voluntaria,ZONA 5,GUAYAS,6/2/2025,-1.8281,-79.80894
LOJA,-4.00128992028063557,-79.2048885945785059,6,HOMBRE,A24-EXTRAVIADO - AUSENCIA TEMPORAL,ACCIDENTAL POR DESCUIDO,27/1/2025,En Investigación,ZONA 7,LOJA,9/2/2025,-4.01498,-79.22347
ESMERALDAS,0.929729099999999975,-79.6712600999999978,22,HOMBRE,,,27/1/2025,En Investigación,,,,,
COTOPAXI,-0.935378345124964317,-78.6176743269092526,15,MUJER,A24-CAUSAS FAMILIARES,NO RELACIONADOS A VIOLENCIA,27/1/2025,Voluntaria,ZONA 3,COTOPAXI,28/1/2025,-0.934,-78.61457
GUAYAS,-2.52882790000000002,-79.5348240000000004,2,MUJER,,,27/1/2025,En Investigación,,,,,
COTOPAXI,-0.958334500000000089,-78.6965971999999994,85,HOMBRE,A24-EXTRAVIADO - DISCAPACIDAD / ENFERMEDADES / TRASTORNOS,DISCAPACIDAD INTELECTUAL,27/1/2025,Extravío ,ZONA 3,COTOPAXI,28/1/2025,-0.95833,-78.6966
AZUAY,-2.90051540000000019,-78.9983759999999933,63,HOMBRE,A24-EXTRAVIADO - DISCAPACIDAD / ENFERMEDADES / TRASTORNOS,DISCAPACIDAD PSICOSOCIAL,27/1/2025,En Investigación,ZONA 6,AZUAY,28/1/2025,-2.88221,-78.9742
IMBABURA,0.345762615669105988,-78.1229680251629475,14,MUJER,A24-CAUSAS FAMILIARES,NO RELACIONADOS A VIOLENCIA,27/1/2025,Voluntaria,ZONA 1,IMBABURA,30/1/2025,0.35352,-78.15112
GUAYAS,-2.19420940000000009,-79.9061210999999929,19,HOMBRE,A24-POSIBLE VINCULACION A DELITO,"EXTORSIÓN (NUEVAS MODALIDADES ""VACUNA"")",27/1/2025,En Investigación,ZONA 8,D.M. GUAYAQUIL,2/2/2025,-2.04748,-79.94515
PICHINCHA,0.0725979999999999959,-78.9613310000000013,12,MUJER,A24-CAUSAS PERSONALES,RELACIÓN AFECTIVA,27/1/2025,Voluntaria,ZONA 4,MANABI,30/1/2025,-0.77987,-80.22736
GUAYAS,-2.32775399217988843,-79.4008311863909739,15,HOMBRE,,,27/1/2025,En Investigación,,,,,
LOJA,-3.99913391702234744,-79.1998680648074327,55,HOMBRE,A24-CAUSAS SOCIALES,ALCOHOLISMO,27/1/2025,Voluntaria,ZONA 7,LOJA,29/1/2025,-4.01937,-79.22309
PICHINCHA,-0.511400199999999971,-78.5670190000000019,14,MUJER,A24-CAUSAS PERSONALES,CIRCUNSTANCIAL,27/1/2025,Voluntaria,ZONA 9,D.M. QUITO,6/2/2025,-0.30695,-78.5019
TUNGURAHUA,-1.25893499999999992,-78.5944717999999938,15,MUJER,A24-CAUSAS FAMILIARES,NO RELACIONADOS A VIOLENCIA,27/1/2025,Voluntaria,ZONA 3,TUNGURAHUA,4/2/2025,-1.25893,-78.59447
GUAYAS,-2.3321153765989453,-79.4016104060623036,29,HOMBRE,,,27/1/2025,En Investigación,,,,,
PICHINCHA,-0.348699748707431201,-78.5156819971519297,18,MUJER,FALLECIDO,NO DETERMINADA,26/1/2025,Involuntaria,ZONA 9,D.M. QUITO,26/1/2025,-0.22325,-78.51411
GUAYAS,-2.33015424179060737,-79.4049095408103085,25,HOMBRE,,,26/1/2025,En Investigación,,,,,
GUAYAS,-2.07270269999999979,-79.9241672999999935,29,HOMBRE,A24-CAUSAS PERSONALES,CIRCUNSTANCIAL,26/1/2025,Voluntaria,ZONA 8,D.M. GUAYAQUIL,9/2/2025,-2.0727,-79.92417
BOLIVAR,-1.51607458852385113,-78.9920087029013587,17,MUJER,A24-CAUSAS FAMILIARES,NO RELACIONADOS A VIOLENCIA,26/1/2025,Voluntaria,ZONA 5,BOLIVAR,9/2/2025,-1.55957,-79.01042
BOLIVAR,-1.51607458852385113,-78.9920087029013587,14,MUJER,A24-CAUSAS FAMILIARES,NO RELACIONADOS A VIOLENCIA,26/1/2025,Voluntaria,ZONA 5,BOLIVAR,9/2/2025,-1.55957,-79.01042
GUAYAS,-2.09447099999999997,-79.918943700000014,19,MUJER,A24-CAUSAS PERSONALES,CIRCUNSTANCIAL,26/1/2025,Voluntaria,ZONA 8,D.M. GUAYAQUIL,9/2/2025,-2.21954,-79.93968
AZUAY,-2.89735299999999985,-79.0048429999999939,17,MUJER,A24-CAUSAS FAMILIARES,NO RELACIONADOS A VIOLENCIA,26/1/2025,Voluntaria,ZONA 6,AZUAY,27/1/2025,-2.90504,-79.02741
IMBABURA,0.363988900000000004,-78.1340060999999935,12,MUJER,A24-CAUSAS PERSONALES,RELACIÓN AFECTIVA,26/1/2025,Voluntaria,ZONA 1,IMBABURA,29/1/2025,0.36527,-78.131
GUAYAS,-2.99508600000000014,-79.7869799999999998,14,MUJER,,,26/1/2025,En Investigación,,,,,
IMBABURA,0.363988900000000004,-78.1340060999999935,10,HOMBRE,A24-CAUSAS PERSONALES,RELACIÓN AFECTIVA,26/1/2025,Voluntaria,ZONA 1,IMBABURA,29/1/2025,0.36527,-78.131
GUAYAS,-1.82821999999999996,-79.8174700000000001,39,MUJER,,,26/1/2025,En Investigación,,,,,
ZAMORA CHINCHIPE,-4.06237029045363141,-78.9514980675944571,13,HOMBRE,A24-CAUSAS PERSONALES,CIRCUNSTANCIAL,26/1/2025,Voluntaria,ZONA 7,ZAMORA CHINCHIPE,31/1/2025,-3.95354,-78.83427
PICHINCHA,-0.210725200000000001,-78.4410894999999897,35,HOMBRE,A24-POSIBLE VINCULACION A DELITO,SECUESTRO EXTORSIVO,26/1/2025,Involuntaria,ZONA 9,D.M. QUITO,26/1/2025,-0.34258,-78.54692
GUAYAS,-2.18913409999999997,-79.8899030999999979,31,HOMBRE,FALLECIDO,NO DETERMINADA,26/1/2025,Involuntaria,ZONA 8,D.M. GUAYAQUIL,4/2/2025,-2.19452,-79.93876
AZUAY,-2.89735299999999985,-79.0048429999999939,16,HOMBRE,A24-CAUSAS FAMILIARES,NO RELACIONADOS A VIOLENCIA,26/1/2025,Voluntaria,ZONA 6,AZUAY,27/1/2025,-2.90504,-79.02741
PICHINCHA,-0.268636700000000006,-78.5400834000000003,14,HOMBRE,A24-CAUSAS FAMILIARES,NO RELACIONADOS A VIOLENCIA,26/1/2025,Voluntaria,ZONA 9,D.M. QUITO,7/2/2025,-0.26864,-78.54008
PICHINCHA,0.00456849999999999964,-78.4467744999999894,8,MUJER,A24-CAUSAS PERSONALES,CIRCUNSTANCIAL,26/1/2025,Voluntaria,ZONA 9,D.M. QUITO,3/2/2025,-0.14214,-78.50057
LOS RIOS,-1.56177349999999993,-79.7497896999999938,16,HOMBRE,,,25/1/2025,En Investigación,,,,,
SANTO DOMINGO DE LOS TSACHILAS,-0.252188199999999973,-79.187938299999999,16,MUJER,A24-CAUSAS FAMILIARES,NO RELACIONADOS A VIOLENCIA,25/1/2025,Voluntaria,ZONA 4,SANTO DOMINGO DE LOS TSACHILAS,31/1/2025,-0.25219,-79.18794
CHIMBORAZO,-1.68793590000000004,-78.6335231999999991,16,MUJER,A24-CAUSAS FAMILIARES,NO RELACIONADOS A VIOLENCIA,25/1/2025,Voluntaria,ZONA 3,CHIMBORAZO,27/1/2025,-1.6883,-78.63425
ORELLANA,-0.456216999999999984,-76.9912750999999957,16,MUJER,A24-CAUSAS FAMILIARES,NO RELACIONADOS A VIOLENCIA,25/1/2025,Voluntaria,ZONA 2,ORELLANA,1/2/2025,-0.456,-76.99166
CHIMBORAZO,-1.68793590000000004,-78.6335231999999991,17,HOMBRE,A24-CAUSAS FAMILIARES,NO RELACIONADOS A VIOLENCIA,25/1/2025,Voluntaria,ZONA 3,CHIMBORAZO,27/1/2025,-1.72448,-78.62749
EL ORO,-3.2581112000000001,-79.9553923999999938,15,MUJER,,,25/1/2025,En Investigación,,,,,
IMBABURA,0.332385199999999992,-78.2162833000000006,30,MUJER,,,25/1/2025,En Investigación,,,,,
LOJA,-3.98396990713645938,-79.1977692825202979,43,HOMBRE,A24-CAUSAS PERSONALES,CIRCUNSTANCIAL,25/1/2025,Voluntaria,ZONA 7,LOJA,29/1/2025,-4.00145,-79.23378
GUAYAS,-2.19895719801235368,-79.88983154296875,88,HOMBRE,A24-CAUSAS PERSONALES,CIRCUNSTANCIAL,25/1/2025,Voluntaria,ZONA 8,D.M. GUAYAQUIL,29/1/2025,-2.21988,-79.93764
LOS RIOS,-1.02721128041405074,-79.4551424798276287,15,MUJER,A24-CAUSAS FAMILIARES,NO RELACIONADOS A VIOLENCIA,25/1/2025,Voluntaria,ZONA 5,LOS RIOS,31/1/2025,-1.01034,-79.46494
MANABI,-0.95744132123159531,-80.739057565084039,27,MUJER,A24-CAUSAS PERSONALES,CIRCUNSTANCIAL,25/1/2025,Voluntaria,ZONA 4,MANABI,28/1/2025,-0.96651,-80.70677
GUAYAS,-2.20961327355882009,-79.9052792495568269,37,HOMBRE,A24-CAUSAS PERSONALES,CIRCUNSTANCIAL,25/1/2025,Voluntaria,ZONA 8,D.M. GUAYAQUIL,9/2/2025,-2.21988,-79.93764
GUAYAS,-2.12252930000000006,-80.0001350000000002,35,HOMBRE,A24-EXTRAVIADO - DISCAPACIDAD / ENFERMEDADES / TRASTORNOS,DISCAPACIDAD PSICOSOCIAL,25/1/2025,En Investigación,ZONA 8,D.M. GUAYAQUIL,1/2/2025,-2.19337,-79.93996
PICHINCHA,-0.123533299999999999,-78.5048457999999982,17,HOMBRE,A24-CAUSAS PERSONALES,CIRCUNSTANCIAL,25/1/2025,Voluntaria,ZONA 9,D.M. QUITO,26/1/2025,-0.10646,-78.48319
GUAYAS,-2.18470454461496955,-79.853968903466523,53,HOMBRE,A24-CAUSAS FAMILIARES,NO RELACIONADOS A VIOLENCIA,25/1/2025,Voluntaria,ZONA 5,GUAYAS,9/2/2025,-2.63298,-80.38855
EL ORO,-3.27719046603538811,-79.9529356673069884,15,MUJER,A24-CAUSAS PERSONALES,RELACIÓN AFECTIVA,25/1/2025,Voluntaria,ZONA 7,EL ORO,28/1/2025,-3.2622,-79.96262
EL ORO,-3.27719046603538811,-79.9529356673069884,15,MUJER,A24-CAUSAS PERSONALES,RELACIÓN AFECTIVA,25/1/2025,Voluntaria,ZONA 7,EL ORO,28/1/2025,-3.2622,-79.96262
MANABI,-1.06161700000000003,-80.4368245000000002,15,HOMBRE,A24-CAUSAS PERSONALES,RELACIÓN AFECTIVA,25/1/2025,Voluntaria,ZONA 4,MANABI,30/1/2025,-1.05786,-80.4403
LOS RIOS,-1.0262392547868957,-79.4746831511801304,38,HOMBRE,A24-CAUSAS PERSONALES,RELACIÓN AFECTIVA,25/1/2025,Voluntaria,ZONA 5,LOS RIOS,9/2/2025,-1.01099,-79.46628
PICHINCHA,-0.309164216134690806,-78.5614641801483202,46,HOMBRE,A24-CAUSAS PERSONALES,CIRCUNSTANCIAL,25/1/2025,Voluntaria,ZONA 9,D.M. QUITO,26/1/2025,-0.2169,-78.50988
NAPO,-1.04694599999999993,-77.7400190000000038,14,MUJER,A24-CAUSAS PERSONALES,CIRCUNSTANCIAL,25/1/2025,Voluntaria,ZONA 2,NAPO,9/2/2025,-0.99846,-77.81219
PICHINCHA,-0.138915700000000003,-78.4405402000000009,17,MUJER,A24-CAUSAS PERSONALES,CIRCUNSTANCIAL,24/1/2025,Voluntaria,ZONA 9,D.M. QUITO,26/1/2025,-0.14245,-78.50019
CHIMBORAZO,-1.65580820000000006,-78.6951796999999971,13,MUJER,A24-CAUSAS FAMILIARES,NO RELACIONADOS A VIOLENCIA,24/1/2025,Voluntaria,ZONA 9,D.M. QUITO,31/1/2025,-0.29304,-78.54976
LOS RIOS,-1.11061978041510612,-79.4261027357722753,25,HOMBRE,FALLECIDO,MUERTE NATURAL,24/1/2025,En Investigación,ZONA 5,LOS RIOS,4/2/2025,-1.44502,-79.46842
GUAYAS,-2.07861930000000017,-79.913449099999994,39,HOMBRE,,,24/1/2025,En Investigación,,,,,
IMBABURA,0.334576800000000008,-78.1197039999999987,15,HOMBRE,A24-CAUSAS SOCIALES,DROGADICCIÓN,24/1/2025,Voluntaria,ZONA 1,IMBABURA,9/2/2025,0.34047,-78.12419
GUAYAS,-2.21948732329428333,-79.9057171905510017,28,HOMBRE,,,24/1/2025,En Investigación,,,,,
PICHINCHA,-0.211661700000000008,-78.5229690999999974,66,HOMBRE,,,24/1/2025,En Investigación,,,,,
CHIMBORAZO,-1.67157069999999996,-78.6382222999999954,16,HOMBRE,A24-CAUSAS FAMILIARES,NO RELACIONADOS A VIOLENCIA,24/1/2025,Voluntaria,ZONA 3,CHIMBORAZO,28/1/2025,-1.67031,-78.63901
IMBABURA,0.34709089999999998,-78.1227681999999959,30,HOMBRE,,,24/1/2025,En Investigación,,,,,
PICHINCHA,-0.197949600000000003,-78.5048041999999953,36,HOMBRE,A24-CAUSAS PERSONALES,CIRCUNSTANCIAL,24/1/2025,Voluntaria,ZONA 9,D.M. QUITO,25/1/2025,-0.10541,-78.51334
CHIMBORAZO,-1.65580820000000006,-78.6951796999999971,14,MUJER,A24-CAUSAS FAMILIARES,NO RELACIONADOS A VIOLENCIA,24/1/2025,Voluntaria,ZONA 9,D.M. QUITO,31/1/2025,-0.29304,-78.54976
CHIMBORAZO,-1.65580820000000006,-78.6951796999999971,14,HOMBRE,A24-CAUSAS FAMILIARES,NO RELACIONADOS A VIOLENCIA,24/1/2025,Voluntaria,ZONA 9,D.M. QUITO,31/1/2025,-0.29304,-78.54976
GUAYAS,-2.09230694249411853,-79.9074268341064453,56,MUJER,A24-EXTRAVIADO - DISCAPACIDAD / ENFERMEDADES / TRASTORNOS,DISCAPACIDAD PSICOSOCIAL,23/1/2025,En Investigación,ZONA 8,D.M. GUAYAQUIL,9/2/2025,-2.21988,-79.93764
GUAYAS,-2.14261430119979979,-79.6105447667649742,19,HOMBRE,A24-CAUSAS PERSONALES,CIRCUNSTANCIAL,23/1/2025,Voluntaria,ZONA 5,GUAYAS,28/1/2025,-2.12898,-79.59045
LOS RIOS,-1.79741689162404206,-79.5233124391049273,17,MUJER,A24-CAUSAS PERSONALES,CIRCUNSTANCIAL,23/1/2025,Voluntaria,ZONA 5,LOS RIOS,9/2/2025,-1.81329,-79.54738
PICHINCHA,-0.267117400000000005,-78.5220700999999934,55,HOMBRE,A24-CAUSAS FAMILIARES,NO RELACIONADOS A VIOLENCIA,23/1/2025,Voluntaria,ZONA 9,D.M. QUITO,26/1/2025,-0.25907,-78.52917
GUAYAS,-2.06315431310327035,-79.4304548583824896,24,HOMBRE,A24-EXTRAVIADO - DISCAPACIDAD / ENFERMEDADES / TRASTORNOS,DISCAPACIDAD INTELECTUAL,23/1/2025,Extravío ,ZONA 5,GUAYAS,25/1/2025,-2.06903,-79.4213
EL ORO,-3.2581112000000001,-79.9553923999999938,15,MUJER,,,23/1/2025,En Investigación,,,,,
PICHINCHA,-0.308600199999999991,-78.5618264999999951,12,MUJER,A24-CAUSAS PERSONALES,CIRCUNSTANCIAL,23/1/2025,Voluntaria,ZONA 5,BOLIVAR,24/1/2025,-1.59117,-78.99904
PICHINCHA,-0.0949061931587157209,-78.4742446486724674,16,MUJER,A24-CAUSAS PERSONALES,CIRCUNSTANCIAL,23/1/2025,Voluntaria,ZONA 9,D.M. QUITO,24/1/2025,-0.14242,-78.50044
AZUAY,-2.8888107999999999,-79.0023609999999934,16,MUJER,A24-CAUSAS PERSONALES,CIRCUNSTANCIAL,23/1/2025,Voluntaria,ZONA 6,AZUAY,4/2/2025,-2.9051,-79.02743
GUAYAS,-2.04816985886604375,-79.951104465423029,14,MUJER,A24-CAUSAS PERSONALES,CIRCUNSTANCIAL,23/1/2025,Voluntaria,ZONA 8,D.M. GUAYAQUIL,9/2/2025,-2.12045,-79.99218
TUNGURAHUA,-1.27016649999999998,-78.7320330000000013,21,MUJER,A24-CAUSAS FAMILIARES,NO RELACIONADOS A VIOLENCIA,23/1/2025,Voluntaria,ZONA 3,TUNGURAHUA,25/1/2025,-1.27017,-78.73203
COTOPAXI,-0.700968299999999989,-78.5206500000000034,29,HOMBRE,A24-CAUSAS PERSONALES,RELACIÓN AFECTIVA,23/1/2025,Voluntaria,ZONA 1,SUCUMBIOS,25/1/2025,0.07268,-76.73365
PICHINCHA,-0.105410400000000001,-78.5133371999999952,12,MUJER,A24-CAUSAS FAMILIARES,NO RELACIONADOS A VIOLENCIA,23/1/2025,Voluntaria,ZONA 9,D.M. QUITO,28/1/2025,-0.14214,-78.50057
GUAYAS,-2.19617679999999993,-79.8849163000000004,79,HOMBRE,A24-EXTRAVIADO - DISCAPACIDAD / ENFERMEDADES / TRASTORNOS,DISCAPACIDAD INTELECTUAL,23/1/2025,Extravío ,ZONA 8,D.M. GUAYAQUIL,9/2/2025,-2.14366,-79.94055
PICHINCHA,-0.278370100000000009,-78.5565028999999981,36,HOMBRE,A24-CAUSAS PERSONALES,CIRCUNSTANCIAL,23/1/2025,Voluntaria,ZONA 9,D.M. QUITO,27/1/2025,-0.28562,-78.56504
PICHINCHA,-0.228774200000000011,-78.3397642999999988,21,MUJER,A24-CAUSAS PERSONALES,CIRCUNSTANCIAL,23/1/2025,Voluntaria,ZONA 9,D.M. QUITO,28/1/2025,-0.23203,-78.33696
ESMERALDAS,0.937620891374681631,-79.6722148303708337,19,HOMBRE,FALLECIDO,ASESINATO,23/1/2025,Fallecido,ZONA 1,ESMERALDAS,2/2/2025,0.92094,-79.70287
MANABI,-1.06500727496489311,-80.4704444308254949,16,MUJER,A24-CAUSAS PERSONALES,CIRCUNSTANCIAL,23/1/2025,Voluntaria,ZONA 4,MANABI,24/1/2025,-1.05995,-80.47089
GUAYAS,-2.21226680000000009,-79.9224976999999939,43,HOMBRE,,,22/1/2025,En Investigación,,,,,
PICHINCHA,-0.286505978907371284,-78.5641361602661163,17,HOMBRE,A24-CAUSAS PERSONALES,CIRCUNSTANCIAL,22/1/2025,Voluntaria,ZONA 9,D.M. QUITO,24/1/2025,-0.24498,-78.53757
GUAYAS,-2.2840098000000002,-79.884710400000003,13,MUJER,A24-CAUSAS FAMILIARES,NO RELACIONADOS A VIOLENCIA,22/1/2025,Voluntaria,ZONA 8,D.M. GUAYAQUIL,9/2/2025,-2.28401,-79.88471
LOJA,-4.01283761727730859,-79.2378688228331072,30,HOMBRE,A24-CAUSAS PERSONALES,CIRCUNSTANCIAL,22/1/2025,Voluntaria,ZONA 7,LOJA,28/1/2025,-4.0129,-79.23793
CHIMBORAZO,-1.66629870000000002,-78.6602402999999981,16,HOMBRE,A24-CAUSAS PERSONALES,RELACIÓN AFECTIVA,22/1/2025,Voluntaria,ZONA 3,CHIMBORAZO,27/1/2025,-1.66237,-78.69148
GUAYAS,-2.11612920560171025,-79.9897019643114362,17,MUJER,,,22/1/2025,En Investigación,,,,,
PICHINCHA,-0.287192615809924834,-78.5644794830200226,13,MUJER,A24-CAUSAS PERSONALES,CIRCUNSTANCIAL,22/1/2025,Voluntaria,ZONA 9,D.M. QUITO,24/1/2025,-0.14238,-78.5003
GUAYAS,-2.0817391999999999,-79.9206693999999942,20,HOMBRE,,,22/1/2025,En Investigación,,,,,
CHIMBORAZO,-1.6557731,-78.6289634000000035,17,MUJER,A24-CAUSAS PERSONALES,RELACIÓN AFECTIVA,22/1/2025,Voluntaria,ZONA 3,CHIMBORAZO,27/1/2025,-1.66502,-78.65888
CHIMBORAZO,-1.60899919999999996,-78.6441145000000006,16,MUJER,A24-CAUSAS SOCIALES,ALCOHOLISMO,22/1/2025,Voluntaria,ZONA 3,CHIMBORAZO,23/1/2025,-1.67248,-78.65144
PICHINCHA,-0.286505978907371284,-78.5641361602661163,13,HOMBRE,A24-CAUSAS PERSONALES,CIRCUNSTANCIAL,22/1/2025,Voluntaria,ZONA 9,D.M. QUITO,24/1/2025,-0.24504,-78.53754
MANABI,-0.696888500000000022,-80.0917929000000015,3,MUJER,,,22/1/2025,En Investigación,,,,,
AZUAY,-2.90886820000000013,-78.9993187999999975,20,HOMBRE,A24-CAUSAS PERSONALES,CIRCUNSTANCIAL,22/1/2025,Voluntaria,ZONA 6,AZUAY,23/1/2025,-2.89915,-79.01389
PICHINCHA,-0.103045016534404621,-78.519201270190436,21,MUJER,A24-CAUSAS PERSONALES,CIRCUNSTANCIAL,22/1/2025,Voluntaria,ZONA 9,D.M. QUITO,23/1/2025,-0.14242,-78.50012
AZUAY,-2.88277269999999985,-79.0256389000000041,19,HOMBRE,A24-CAUSAS PERSONALES,CIRCUNSTANCIAL,22/1/2025,Voluntaria,ZONA 6,AZUAY,23/1/2025,-2.88886,-78.97173
PICHINCHA,-0.103045016534404621,-78.519201270190436,16,MUJER,A24-CAUSAS PERSONALES,CIRCUNSTANCIAL,22/1/2025,Voluntaria,ZONA 9,D.M. QUITO,23/1/2025,-0.14242,-78.50012
CHIMBORAZO,-1.65249310000000005,-78.6675214999999923,67,HOMBRE,A24-CAUSAS PERSONALES,CIRCUNSTANCIAL,22/1/2025,Voluntaria,ZONA 3,CHIMBORAZO,25/1/2025,-1.67248,-78.65144
ESMERALDAS,0.705838125061102106,-79.5421098244151494,13,MUJER,,,22/1/2025,En Investigación,,,,,
MANABI,-0.954547578588029189,-80.7168034565939791,24,HOMBRE,A24-CAUSAS PERSONALES,CIRCUNSTANCIAL,22/1/2025,Voluntaria,ZONA 4,MANABI,31/1/2025,-0.94505,-80.73799
PICHINCHA,-0.244101739582463756,-78.5221195220947266,48,MUJER,A24-EXTRAVIADO - DISCAPACIDAD / ENFERMEDADES / TRASTORNOS,DISCAPACIDAD INTELECTUAL,22/1/2025,Extravío ,ZONA 2,PICHINCHA,31/1/2025,0.11617,-79.26645
MANABI,-0.696888500000000022,-80.0917929000000015,20,MUJER,,,22/1/2025,En Investigación,,,,,
PICHINCHA,-0.286505978907371284,-78.5641361602661163,16,HOMBRE,A24-CAUSAS PERSONALES,CIRCUNSTANCIAL,22/1/2025,Voluntaria,ZONA 9,D.M. QUITO,24/1/2025,-0.24504,-78.53756
EL ORO,-3.7602120247165165,-79.8240745369556635,15,MUJER,A24-CAUSAS FAMILIARES,NO RELACIONADOS A VIOLENCIA,22/1/2025,Voluntaria,ZONA 7,EL ORO,23/1/2025,-3.26227,-79.96306
TUNGURAHUA,-1.27600559999999996,-78.5852469999999954,16,MUJER,A24-CAUSAS PERSONALES,CIRCUNSTANCIAL,22/1/2025,Voluntaria,ZONA 3,TUNGURAHUA,7/2/2025,-1.21641,-78.57744
LOS RIOS,-0.877670294364273906,-79.4885730743408203,15,HOMBRE,A24-CAUSAS PERSONALES,CIRCUNSTANCIAL,21/1/2025,Voluntaria,ZONA 5,LOS RIOS,9/2/2025,-1.01099,-79.46628
MANABI,-1.01134720771507625,-80.7202976200482425,18,MUJER,A24-CAUSAS PERSONALES,CIRCUNSTANCIAL,21/1/2025,Voluntaria,ZONA 4,MANABI,22/1/2025,-0.9649,-80.70637
EL ORO,-3.25007455804553347,-79.988238862348652,15,MUJER,A24-CAUSAS FAMILIARES,NO RELACIONADOS A VIOLENCIA,21/1/2025,Voluntaria,ZONA 7,EL ORO,22/1/2025,-3.24941,-79.98704
CAÑAR,-2.73432118562995186,-78.8357663154602051,14,HOMBRE,A24-CAUSAS PERSONALES,CIRCUNSTANCIAL,21/1/2025,Voluntaria,ZONA 6,AZUAY,21/1/2025,-2.89217,-78.99294
PICHINCHA,0.0463412999999999881,-78.2191617999999949,23,HOMBRE,A24-CAUSAS PERSONALES,CIRCUNSTANCIAL,21/1/2025,Voluntaria,ZONA 2,PICHINCHA,25/1/2025,0.0411,-78.20774
GUAYAS,-2.05264307250552003,-79.9931558224971155,58,HOMBRE,,,21/1/2025,En Investigación,,,,,
PICHINCHA,-0.313838343046706048,-78.5669231414794922,14,MUJER,A24-CAUSAS PERSONALES,CIRCUNSTANCIAL,21/1/2025,Voluntaria,ZONA 9,D.M. QUITO,9/2/2025,-0.31232,-78.5671
GUAYAS,-2.05025002243440735,-79.994563579150622,69,HOMBRE,A24-CAUSAS PERSONALES,CIRCUNSTANCIAL,21/1/2025,Voluntaria,ZONA 8,D.M. GUAYAQUIL,9/2/2025,-2.05135,-79.99428
PICHINCHA,-0.266072299999999984,-78.531968500000005,15,MUJER,A24-CAUSAS FAMILIARES,NO RELACIONADOS A VIOLENCIA,21/1/2025,Voluntaria,ZONA 9,D.M. QUITO,22/1/2025,-0.26864,-78.54008
GUAYAS,-2.13893760000000022,-79.8877820000000014,14,MUJER,,,21/1/2025,En Investigación,,,,,
LOS RIOS,-1.00572929031191793,-79.4705236175797296,18,MUJER,A24-CAUSAS PERSONALES,CIRCUNSTANCIAL,21/1/2025,Voluntaria,ZONA 5,LOS RIOS,10/2/2025,-1.01086,-79.46616
GUAYAS,-2.2491232000000001,-79.886382299999994,17,MUJER,A24-CAUSAS FAMILIARES,NO RELACIONADOS A VIOLENCIA,21/1/2025,Voluntaria,ZONA 8,D.M. GUAYAQUIL,9/2/2025,-2.25459,-79.88848
GUAYAS,-2.28385266747681648,-79.8845610022544861,12,MUJER,A24-CAUSAS FAMILIARES,NO RELACIONADOS A VIOLENCIA,21/1/2025,Voluntaria,ZONA 8,D.M. GUAYAQUIL,23/1/2025,-2.19017,-79.89145
GUAYAS,-2.12083522736545182,-80.0011443224985044,29,HOMBRE,,,21/1/2025,En Investigación,,,,,
BOLIVAR,-1.64100003777442738,-78.9896529765785544,20,HOMBRE,FALLECIDO,ACCIDENTAL,21/1/2025,Extravío ,ZONA 5,BOLIVAR,22/1/2025,-1.63066,-79.00578
CHIMBORAZO,-1.68077560000000004,-78.6272124000000048,14,MUJER,A24-CAUSAS FAMILIARES,NO RELACIONADOS A VIOLENCIA,21/1/2025,Voluntaria,ZONA 3,CHIMBORAZO,22/1/2025,-1.68085,-78.62687
LOS RIOS,-0.946887673160070831,-79.3522457513889776,15,MUJER,A24-CAUSAS PERSONALES,CIRCUNSTANCIAL,21/1/2025,Voluntaria,ZONA 5,LOS RIOS,9/2/2025,-1.01099,-79.46628
MANABI,-0.273340018819376862,-79.4424504327791965,17,MUJER,,,21/1/2025,En Investigación,,,,,
CAÑAR,-2.73009574946432965,-78.8308279494300166,15,MUJER,A24-CAUSAS FAMILIARES,NO RELACIONADOS A VIOLENCIA,21/1/2025,Voluntaria,ZONA 6,CAÑAR,24/1/2025,-2.73893,-78.84459
MANABI,-0.273340018819376862,-79.4424504327791965,1,MUJER,,,21/1/2025,En Investigación,,,,,
MANABI,-1.04350507694507622,-80.4949586393195204,16,HOMBRE,A24-CAUSAS FAMILIARES,NO RELACIONADOS A VIOLENCIA,21/1/2025,Voluntaria,ZONA 4,MANABI,9/2/2025,-1.0321,-80.4932
ESMERALDAS,0.321073735305565766,-79.4721451756529689,13,MUJER,A24-CAUSAS PERSONALES,RELACIÓN AFECTIVA,21/1/2025,Voluntaria,ZONA 1,ESMERALDAS,30/1/2025,0.29358,-79.59779
ESMERALDAS,0.321073735305565766,-79.4721451756529689,12,MUJER,A24-CAUSAS PERSONALES,RELACIÓN AFECTIVA,21/1/2025,Voluntaria,ZONA 1,ESMERALDAS,30/1/2025,0.29379,-79.59447
GUAYAS,-2.12586839999999988,-79.9227451999999943,65,MUJER,A24-EXTRAVIADO - DISCAPACIDAD / ENFERMEDADES / TRASTORNOS,DISCAPACIDAD INTELECTUAL,21/1/2025,Extravío ,ZONA 8,D.M. GUAYAQUIL,31/1/2025,-2.1879,-79.88148
LOS RIOS,-1.81334107605298489,-79.5474480692797385,14,MUJER,A24-CAUSAS PERSONALES,CIRCUNSTANCIAL,21/1/2025,Voluntaria,ZONA 5,LOS RIOS,25/1/2025,-1.81337,-79.54752
GUAYAS,-2.05267599999999995,-79.9576502999999974,15,MUJER,,,21/1/2025,En Investigación,,,,,
PICHINCHA,-0.233128370355848324,-78.5332123695739739,17,HOMBRE,A24-CAUSAS PERSONALES,CIRCUNSTANCIAL,20/1/2025,Voluntaria,ZONA 9,D.M. QUITO,22/1/2025,-0.23165,-78.53324
MANABI,-0.955678930682194339,-80.7291062186476722,15,MUJER,,,20/1/2025,En Investigación,,,,,
SANTO DOMINGO DE LOS TSACHILAS,-0.243115100000000001,-79.1718860999999947,16,MUJER,A24-CAUSAS PERSONALES,CIRCUNSTANCIAL,20/1/2025,Voluntaria,ZONA 4,SANTO DOMINGO DE LOS TSACHILAS,28/1/2025,-0.24698,-79.16345
LOS RIOS,-1.0105584569798638,-79.4691555421101299,14,MUJER,A24-CAUSAS PERSONALES,RELACIÓN AFECTIVA,20/1/2025,Voluntaria,ZONA 5,LOS RIOS,29/1/2025,-1.0287,-79.45699
GUAYAS,-1.86496799999999996,-79.9793750000000045,14,MUJER,,,20/1/2025,En Investigación,,,,,
LOS RIOS,-1.05149743734985734,-79.466196116116862,14,MUJER,A24-CAUSAS PERSONALES,RELACIÓN AFECTIVA,20/1/2025,Voluntaria,ZONA 5,LOS RIOS,9/2/2025,-1.01086,-79.46617
GUAYAS,-2.17285260000000013,-79.8933806999999945,34,HOMBRE,A24-POSIBLE VINCULACION A DELITO,SECUESTRO EXTORSIVO,20/1/2025,Involuntaria,ZONA 8,D.M. GUAYAQUIL,6/2/2025,-2.18913,-79.8899
GUAYAS,-2.14398327537352396,-79.9404396622957165,14,MUJER,A24-CAUSAS FAMILIARES,NO RELACIONADOS A VIOLENCIA,20/1/2025,Voluntaria,ZONA 8,D.M. GUAYAQUIL,28/1/2025,-2.12878,-79.93858
GUAYAS,-2.24623167382592337,-79.6374286358465042,15,MUJER,,,20/1/2025,En Investigación,,,,,
GUAYAS,-2.20116379999999978,-79.9045808999999991,17,MUJER,,,20/1/2025,En Investigación,,,,,
GUAYAS,-2.09777536346751958,-79.689506623712731,16,MUJER,,,20/1/2025,En Investigación,,,,,
SANTO DOMINGO DE LOS TSACHILAS,-0.242151900000000003,-79.1711346999999961,14,MUJER,,,20/1/2025,En Investigación,,,,,
GUAYAS,-2.09959499999999988,-79.9054744999999969,15,MUJER,,,20/1/2025,En Investigación,,,,,
MANABI,-0.640222867299907517,-80.4255049579007135,17,MUJER,A24-CAUSAS PERSONALES,RELACIÓN AFECTIVA,20/1/2025,Voluntaria,ZONA 4,MANABI,22/1/2025,-0.63899,-80.4248
EL ORO,-3.32590440000000021,-79.8056660999999963,13,MUJER,A24-CAUSAS FAMILIARES,NO RELACIONADOS A VIOLENCIA,20/1/2025,Voluntaria,ZONA 7,EL ORO,20/1/2025,-3.3259,-79.80567
GUAYAS,-2.12846539983566485,-79.9518120288848877,13,HOMBRE,A24-EXTRAVIADO - AUSENCIA TEMPORAL,ACCIDENTAL POR DESCUIDO,20/1/2025,En Investigación,ZONA 8,D.M. GUAYAQUIL,23/1/2025,-2.12852,-79.95179
BOLIVAR,-1.5641021808750819,-79.0087258815765381,13,MUJER,A24-CAUSAS PERSONALES,CIRCUNSTANCIAL,20/1/2025,Voluntaria,ZONA 5,BOLIVAR,22/1/2025,-1.56398,-79.01015
SANTA ELENA,-2.21747499999999986,-80.8535269999999997,73,HOMBRE,,,20/1/2025,En Investigación,,,,,
AZUAY,-2.78737160000000017,-79.1774267999999921,13,MUJER,A24-CAUSAS PERSONALES,CIRCUNSTANCIAL,20/1/2025,Voluntaria,ZONA 5,LOS RIOS,22/1/2025,-0.88577,-79.48726
CAÑAR,-2.73513806273525173,-78.845273146805269,13,HOMBRE,A24-VIOLENCIA,VIOLENCIA FÍSICA,20/1/2025,Voluntaria,ZONA 6,AZUAY,21/1/2025,-2.62366,-79.46443
GUAYAS,-2.33541820265165612,-79.3969994571667002,27,HOMBRE,,,20/1/2025,En Investigación,,,,,
AZUAY,-2.89240999999999993,-78.9924299999999988,14,MUJER,,,20/1/2025,En Investigación,,,,,
PICHINCHA,-0.0834122999999999948,-78.508437200000003,11,HOMBRE,A24-CAUSAS FAMILIARES,NO RELACIONADOS A VIOLENCIA,20/1/2025,Voluntaria,ZONA 9,D.M. QUITO,20/1/2025,-0.09036,-78.51923
PICHINCHA,-0.308600199999999991,-78.5618264999999951,15,HOMBRE,,,19/1/2025,En Investigación,,,,,
ESMERALDAS,0.927504094361405018,-79.6700261700770795,17,HOMBRE,A24-CAUSAS FAMILIARES,NO RELACIONADOS A VIOLENCIA,19/1/2025,Voluntaria,ZONA 1,ESMERALDAS,22/1/2025,0.97058,-79.653
EL ORO,-3.2581112000000001,-79.9553923999999938,16,MUJER,,,19/1/2025,En Investigación,,,,,
EL ORO,-3.2581112000000001,-79.9553923999999938,17,MUJER,,,19/1/2025,En Investigación,,,,,
GUAYAS,-1.94080000000000008,-80.0117000000000047,40,HOMBRE,,,19/1/2025,En Investigación,,,,,
SANTO DOMINGO DE LOS TSACHILAS,-0.245023381450207106,-79.3495005637122688,15,MUJER,A24-CAUSAS PERSONALES,CIRCUNSTANCIAL,19/1/2025,Voluntaria,ZONA 4,SANTO DOMINGO DE LOS TSACHILAS,20/1/2025,-0.24336,-79.34356
AZUAY,-2.92809169999999996,-78.778788899999995,23,HOMBRE,A24-CAUSAS FAMILIARES,NO RELACIONADOS A VIOLENCIA,19/1/2025,Voluntaria,ZONA 6,CAÑAR,29/1/2025,-2.74095,-78.84882
GUAYAS,-2.20743480000000014,-79.9032773999999932,38,HOMBRE,,,19/1/2025,En Investigación,,,,,
PICHINCHA,-0.308600199999999991,-78.5618264999999951,18,MUJER,,,19/1/2025,En Investigación,,,,,
ESMERALDAS,0.970580599999999905,-79.6530010000000033,13,MUJER,A24-CAUSAS FAMILIARES,NO RELACIONADOS A VIOLENCIA,19/1/2025,Voluntaria,ZONA 1,ESMERALDAS,29/1/2025,0.97058,-79.653
GUAYAS,-2.11581821515192781,-79.9903977232233956,27,HOMBRE,,,19/1/2025,En Investigación,,,,,
EL ORO,-3.25605307271787847,-79.9610435120996641,23,HOMBRE,A24-CAUSAS FAMILIARES,NO RELACIONADOS A VIOLENCIA,19/1/2025,Voluntaria,ZONA 7,EL ORO,21/1/2025,-3.25862,-79.95898
PICHINCHA,-0.0903552999999999995,-78.5192297999999909,12,HOMBRE,,,19/1/2025,En Investigación,,,,,
PICHINCHA,-0.254003699999999999,-78.5536924999999968,41,HOMBRE,A24-CAUSAS PERSONALES,RELACIÓN AFECTIVA,19/1/2025,Voluntaria,ZONA 9,D.M. QUITO,28/1/2025,-0.14259,-78.50047
COTOPAXI,-1.04218929999999999,-78.5907366999999937,17,HOMBRE,A24-CAUSAS FAMILIARES,NO RELACIONADOS A VIOLENCIA,19/1/2025,Voluntaria,ZONA 3,COTOPAXI,27/1/2025,-0.934,-78.61457
PICHINCHA,-0.114386100000000004,-78.4945881999999955,24,HOMBRE,A24-CAUSAS PERSONALES,CIRCUNSTANCIAL,19/1/2025,Voluntaria,ZONA 9,D.M. QUITO,20/1/2025,-0.11726,-78.48869
BOLIVAR,-1.43041536902254629,-79.2797765437633615,21,HOMBRE,FALLECIDO,NO DETERMINADA,19/1/2025,Involuntaria,ZONA 5,BOLIVAR,26/1/2025,-1.44835,-79.36038
EL ORO,-3.27360237688988365,-79.9666070938110352,16,MUJER,,,19/1/2025,En Investigación,,,,,
PICHINCHA,-0.280711951223979239,-78.5239558058514149,58,HOMBRE,A24-CAUSAS FAMILIARES,NO RELACIONADOS A VIOLENCIA,19/1/2025,Voluntaria,ZONA 9,D.M. QUITO,23/1/2025,-0.22043,-78.52499
EL ORO,-3.33819800000000022,-79.7876448999999894,24,MUJER,A24-CAUSAS FAMILIARES,NO RELACIONADOS A VIOLENCIA,19/1/2025,Voluntaria,ZONA 7,EL ORO,31/1/2025,-3.25976,-79.95337
MANABI,-1.04613081114595796,-80.6665394959726143,16,HOMBRE,A24-CAUSAS PERSONALES,CIRCUNSTANCIAL,18/1/2025,Voluntaria,ZONA 4,MANABI,22/1/2025,-0.9649,-80.70637
MANABI,-0.952596591111445901,-80.7074189831541133,30,HOMBRE,,,18/1/2025,En Investigación,,,,,
PICHINCHA,-0.336681999999999981,-78.5477479999999986,11,HOMBRE,A24-CAUSAS FAMILIARES,NO RELACIONADOS A VIOLENCIA,18/1/2025,Voluntaria,ZONA 9,D.M. QUITO,23/1/2025,-0.13365,-78.5019
MANABI,-0.94940192567516335,-80.7340837172591534,39,HOMBRE,A24-CAUSAS PERSONALES,CIRCUNSTANCIAL,18/1/2025,Voluntaria,ZONA 4,MANABI,23/1/2025,-0.94873,-80.73524
LOS RIOS,-1.81336533975821168,-79.5474548635675518,17,HOMBRE,A24-CAUSAS PERSONALES,CIRCUNSTANCIAL,18/1/2025,Voluntaria,ZONA 5,LOS RIOS,9/2/2025,-1.81333,-79.54745
GUAYAS,-2.1210483,-79.5908277999999996,18,HOMBRE,A24-CAUSAS FAMILIARES,NO RELACIONADOS A VIOLENCIA,18/1/2025,Voluntaria,ZONA 5,GUAYAS,28/1/2025,-2.15208,-79.58123
GUAYAS,-2.11281805798726863,-79.9464046955108643,26,HOMBRE,A24-CAUSAS PERSONALES,CIRCUNSTANCIAL,18/1/2025,Voluntaria,ZONA 8,D.M. GUAYAQUIL,1/2/2025,-2.0893,-79.94434
GUAYAS,-2.09265159999999995,-79.6924807999999985,15,HOMBRE,,,18/1/2025,En Investigación,,,,,
EL ORO,-3.27244670000000015,-79.9299951999999934,41,HOMBRE,,,18/1/2025,En Investigación,,,,,
PICHINCHA,-0.0682032000000000055,-78.4321481000000063,22,MUJER,A24-EXTRAVIADO - AUSENCIA TEMPORAL,HOSPITALIZADO,18/1/2025,Extravío ,ZONA 9,D.M. QUITO,21/1/2025,-0.09211,-78.4367
PICHINCHA,-0.0804108001391770494,-78.4102641088879295,12,MUJER,A24-CAUSAS PERSONALES,CIRCUNSTANCIAL,18/1/2025,Voluntaria,ZONA 9,D.M. QUITO,19/1/2025,-0.10541,-78.51334
TUNGURAHUA,-1.30260450502988334,-78.6323904991149902,43,HOMBRE,A24-CAUSAS SOCIALES,Grupos Delictivos Organizados/GDOS/PANDILLAS/MAFIAS/CARTELES,17/1/2025,Involuntaria,ZONA 3,TUNGURAHUA,20/1/2025,-1.35472,-78.61576
TUNGURAHUA,-1.3278909000000001,-78.5414155999999934,42,HOMBRE,FALLECIDO,ACCIDENTAL,17/1/2025,Extravío ,ZONA 3,TUNGURAHUA,19/1/2025,-1.40327,-78.33094
AZUAY,-2.88899809999999979,-78.9971282000000059,14,MUJER,A24-CAUSAS PERSONALES,CIRCUNSTANCIAL,17/1/2025,Voluntaria,ZONA 6,AZUAY,19/1/2025,-2.92809,-78.77879
CHIMBORAZO,-1.80543999999999993,-78.6012119999999896,21,HOMBRE,A24-CAUSAS PERSONALES,RELACIÓN AFECTIVA,17/1/2025,Voluntaria,ZONA 3,CHIMBORAZO,25/1/2025,-1.67273,-78.65154
GUAYAS,-2.2840098000000002,-79.884710400000003,25,HOMBRE,,,17/1/2025,En Investigación,,,,,
GUAYAS,-2.16404043582424599,-79.4590652820625962,27,MUJER,A24-CAUSAS PERSONALES,CIRCUNSTANCIAL,17/1/2025,Voluntaria,ZONA 5,GUAYAS,4/2/2025,-2.12871,-79.59043
SUCUMBIOS,-0.199405129540024095,-76.6270668545910638,14,MUJER,,,17/1/2025,En Investigación,,,,,
SANTA ELENA,-1.82684650000000004,-80.7529730999999913,1,MUJER,A24-VIOLENCIA,VIOLENCIA PSICOLÓGICA,17/1/2025,Voluntaria,,,24/1/2025,-2.22866,-80.92395
PICHINCHA,-0.189296700000000012,-78.5044690999999943,14,MUJER,A24-CAUSAS FAMILIARES,NO RELACIONADOS A VIOLENCIA,17/1/2025,Voluntaria,ZONA 9,D.M. QUITO,18/1/2025,-0.14245,-78.50019
GUAYAS,-2.23055169999999992,-79.9022708999999907,22,HOMBRE,FALLECIDO,NO DETERMINADA,17/1/2025,Involuntaria,ZONA 8,D.M. GUAYAQUIL,21/1/2025,-2.19487,-79.93848
CARCHI,0.663806551302624559,-77.7155129167312992,13,MUJER,A24-CAUSAS FAMILIARES,NO RELACIONADOS A VIOLENCIA,17/1/2025,Voluntaria,ZONA 1,IMBABURA,21/1/2025,0.34715,-78.13236
SANTO DOMINGO DE LOS TSACHILAS,-0.259947237679254206,-79.1767277104396783,20,HOMBRE,FALLECIDO,NO DETERMINADA,17/1/2025,Involuntaria,ZONA 4,SANTO DOMINGO DE LOS TSACHILAS,5/2/2025,-0.207,-79.20501
SANTA ELENA,-1.82684650000000004,-80.7529730999999913,27,MUJER,A24-VIOLENCIA,VIOLENCIA PSICOLÓGICA,17/1/2025,Voluntaria,,,24/1/2025,-2.22866,-80.92395
TUNGURAHUA,-1.21911630000000004,-78.5933794999999975,17,MUJER,A24-CAUSAS PERSONALES,CIRCUNSTANCIAL,17/1/2025,Voluntaria,ZONA 3,TUNGURAHUA,29/1/2025,-1.21639,-78.57744
PICHINCHA,-0.0834122999999999948,-78.508437200000003,15,MUJER,,,17/1/2025,En Investigación,,,,,
GUAYAS,-2.07554950000000016,-79.9256079000000028,17,MUJER,,,17/1/2025,En Investigación,,,,,
PICHINCHA,-0.133652199999999999,-78.5018972000000019,13,HOMBRE,A24-CAUSAS FAMILIARES,NO RELACIONADOS A VIOLENCIA,17/1/2025,Voluntaria,ZONA 9,D.M. QUITO,26/1/2025,-0.12353,-78.50485
PICHINCHA,-0.189296700000000012,-78.5044690999999943,14,MUJER,A24-CAUSAS PERSONALES,CIRCUNSTANCIAL,17/1/2025,Voluntaria,ZONA 9,D.M. QUITO,18/1/2025,-0.14214,-78.50057
AZUAY,-2.91037979999999985,-79.0218715000000032,79,HOMBRE,A24-CAUSAS PERSONALES,CIRCUNSTANCIAL,17/1/2025,Voluntaria,ZONA 6,AZUAY,18/1/2025,-2.90013,-79.0059
EL ORO,-3.59052079999999885,-79.6586308999999915,15,MUJER,A24-CAUSAS FAMILIARES,NO RELACIONADOS A VIOLENCIA,17/1/2025,Voluntaria,ZONA 7,EL ORO,29/1/2025,-3.26277,-79.96327
PICHINCHA,-0.183784646539570135,-78.4914189577102661,14,MUJER,A24-CAUSAS PERSONALES,CIRCUNSTANCIAL,17/1/2025,Voluntaria,ZONA 9,D.M. QUITO,17/1/2025,-0.04009,-78.45493
MANABI,-0.404709600000000114,-79.9057062999999914,14,MUJER,A24-CAUSAS PERSONALES,CIRCUNSTANCIAL,16/1/2025,Voluntaria,ZONA 4,MANABI,23/1/2025,-0.70477,-80.13215
PICHINCHA,-0.330162599999999973,-78.4510728999999998,18,HOMBRE,FALLECIDO,ACCIDENTAL,16/1/2025,Extravío ,ZONA 2,PICHINCHA,22/1/2025,-0.34227,-78.45211
GUAYAS,-2.1852440999999998,-80.0255464999999901,17,HOMBRE,A24-CAUSAS PERSONALES,CIRCUNSTANCIAL,16/1/2025,Voluntaria,ZONA 8,D.M. GUAYAQUIL,11/2/2025,-2.38396,-80.35588
EL ORO,-3.44604677907240697,-79.9652052144922436,7,HOMBRE,A24-CAUSAS FAMILIARES,NO RELACIONADOS A VIOLENCIA,16/1/2025,Voluntaria,ZONA 4,MANABI,17/1/2025,-1.35272,-80.58361
EL ORO,-3.32652203937443725,-79.8076201893457693,13,MUJER,A24-CAUSAS FAMILIARES,NO RELACIONADOS A VIOLENCIA,16/1/2025,Voluntaria,ZONA 7,EL ORO,18/1/2025,-3.33012,-79.80899
CHIMBORAZO,-1.68908622743816594,-78.6258097594444791,19,MUJER,A24-CAUSAS PERSONALES,CIRCUNSTANCIAL,16/1/2025,Voluntaria,ZONA 3,CHIMBORAZO,17/1/2025,-1.68756,-78.63652
LOJA,-4.02264769999999938,-79.2173440999999912,19,HOMBRE,A24-CAUSAS PERSONALES,CIRCUNSTANCIAL,16/1/2025,Voluntaria,ZONA 7,LOJA,18/1/2025,-3.99752,-79.20664
CARCHI,0.771849999999999925,-78.2648009999999914,21,HOMBRE,FALLECIDO,ACCIDENTAL,16/1/2025,Extravío ,ZONA 1,CARCHI,18/1/2025,0.79778,-78.17511
GUAYAS,-2.15246639999999978,-79.946696799999998,31,HOMBRE,,,16/1/2025,En Investigación,,,,,
PICHINCHA,-0.279767700000000008,-78.5149691000000018,15,MUJER,A24-CAUSAS PERSONALES,CIRCUNSTANCIAL,16/1/2025,Voluntaria,ZONA 9,D.M. QUITO,19/1/2025,-0.14214,-78.50057
GUAYAS,-2.12225539999999979,-79.9679768999999965,15,MUJER,,,16/1/2025,En Investigación,,,,,
LOS RIOS,-1.86761822475165173,-79.5037837612387079,15,MUJER,,,16/1/2025,En Investigación,,,,,
IMBABURA,0.327699781969930326,-78.1194019317626953,15,MUJER,A24-CAUSAS PERSONALES,CIRCUNSTANCIAL,16/1/2025,Voluntaria,ZONA 1,IMBABURA,18/1/2025,0.32862,-78.21423
PICHINCHA,-0.252893607865942949,-78.4878724940295314,13,MUJER,A24-CAUSAS FAMILIARES,NO RELACIONADOS A VIOLENCIA,16/1/2025,Voluntaria,ZONA 9,D.M. QUITO,16/1/2025,-0.2332,-78.5323
PICHINCHA,-0.0932870043147041444,-78.448939945722671,15,MUJER,A24-CAUSAS PERSONALES,CIRCUNSTANCIAL,16/1/2025,Voluntaria,ZONA 9,D.M. QUITO,18/1/2025,-0.08054,-78.41052
IMBABURA,0.337106692104002181,-78.2125318605200306,80,HOMBRE,A24-EXTRAVIADO - AUSENCIA TEMPORAL,ACCIDENTAL POR DESCUIDO,16/1/2025,En Investigación,ZONA 1,IMBABURA,18/1/2025,0.34037,-78.20953
GUAYAS,-2.22834690000000002,-79.9056266999999991,14,MUJER,,,16/1/2025,En Investigación,,,,,
SUCUMBIOS,0.0788972000000000007,-77.2110390999999936,31,HOMBRE,A24-CAUSAS PERSONALES,CIRCUNSTANCIAL,16/1/2025,Voluntaria,ZONA 1,SUCUMBIOS,17/1/2025,0.07979,-76.89451
GUAYAS,-2.3316071477327962,-79.4064360045835116,25,HOMBRE,FALLECIDO,NO DETERMINADA,16/1/2025,Involuntaria,ZONA 5,GUAYAS,22/1/2025,-2.25245,-79.40302
GUAYAS,-1.36031440000000003,-79.9027468000000027,16,MUJER,A24-CAUSAS FAMILIARES,NO RELACIONADOS A VIOLENCIA,16/1/2025,Voluntaria,ZONA 5,GUAYAS,10/2/2025,-1.36031,-79.90275
PICHINCHA,-0.20960970000000001,-78.4851395999999966,12,HOMBRE,A24-CAUSAS PERSONALES,CIRCUNSTANCIAL,15/1/2025,Voluntaria,ZONA 9,D.M. QUITO,19/1/2025,-0.20915,-78.49865
ESMERALDAS,0.970580599999999905,-79.6530010000000033,39,HOMBRE,A24-CAUSAS SOCIALES,DROGADICCIÓN,15/1/2025,Voluntaria,ZONA 1,ESMERALDAS,16/1/2025,0.96747,-79.65106
ZAMORA CHINCHIPE,-3.90222405503003511,-78.8120968985989521,15,MUJER,A24-CAUSAS PERSONALES,RELACIÓN AFECTIVA,15/1/2025,Voluntaria,ZONA 7,ZAMORA CHINCHIPE,24/1/2025,-3.90125,-78.80703
ZAMORA CHINCHIPE,-4.05080146816224396,-78.9418096088973726,9,MUJER,A24-EXTRAVIADO - AUSENCIA TEMPORAL,"DESASTRES, AMENAZAS NATURALES Y FACTORES ANTRÓPICOS",15/1/2025,Extravío ,ZONA 7,ZAMORA CHINCHIPE,16/1/2025,-4.05164,-78.94123
PICHINCHA,-0.257950211799644891,-78.5541797552487111,18,HOMBRE,A24-POSIBLE VINCULACION A DELITO,ROBO(ESCOPOLAMINA U OTRA DROGA ALUCINÓGENA ALTAMENTE TÓXICA),15/1/2025,Involuntaria,ZONA 9,D.M. QUITO,16/1/2025,-0.25872,-78.56012
PICHINCHA,-0.25707859999999999,-78.5296615000000031,16,MUJER,A24-CAUSAS PERSONALES,CIRCUNSTANCIAL,15/1/2025,Voluntaria,ZONA 9,D.M. QUITO,21/1/2025,-0.23813,-78.5297
PICHINCHA,-0.327918299999999996,-78.4455699999999894,14,HOMBRE,A24-CAUSAS FAMILIARES,NO RELACIONADOS A VIOLENCIA,15/1/2025,Voluntaria,ZONA 2,PICHINCHA,22/1/2025,-0.32418,-78.44892
PICHINCHA,-0.125780300000000012,-78.3187870999999944,26,HOMBRE,A24-CAUSAS PERSONALES,CIRCUNSTANCIAL,15/1/2025,Voluntaria,ZONA 9,D.M. QUITO,20/1/2025,-0.12578,-78.31879
LOS RIOS,-1.00650969828980164,-79.4442272384585522,13,MUJER,A24-CAUSAS PERSONALES,CIRCUNSTANCIAL,15/1/2025,Voluntaria,ZONA 5,LOS RIOS,9/2/2025,-1.01099,-79.46628
GUAYAS,-1.8255501999999999,-80.255106799999993,14,HOMBRE,,,15/1/2025,En Investigación,,,,,
CARCHI,0.822256972436835487,-77.7027553439145464,51,HOMBRE,,,15/1/2025,En Investigación,,,,,
LOS RIOS,-1.96097233119842995,-79.3988478183746338,31,MUJER,A24-CAUSAS PERSONALES,CIRCUNSTANCIAL,15/1/2025,Voluntaria,ZONA 5,LOS RIOS,20/1/2025,-1.96102,-79.39665
MORONA SANTIAGO,-2.715557,-78.3177639999999968,14,MUJER,A24-CAUSAS PERSONALES,CIRCUNSTANCIAL,15/1/2025,Voluntaria,ZONA 6,MORONA SANTIAGO,25/1/2025,-2.73144,-78.30987
LOS RIOS,-1.94999999999999996,-79.2999999999999972,44,MUJER,,,15/1/2025,En Investigación,,,,,
PICHINCHA,-0.280627541940748848,-78.5749150677197576,39,HOMBRE,A24-POSIBLE VINCULACION A DELITO,ROBO(ESCOPOLAMINA U OTRA DROGA ALUCINÓGENA ALTAMENTE TÓXICA),15/1/2025,Involuntaria,ZONA 9,D.M. QUITO,22/1/2025,-0.28562,-78.56504
CHIMBORAZO,-1.93507420000000008,-78.7099027999999947,7,MUJER,A24-VIOLENCIA,VIOLENCIA FÍSICA,14/1/2025,Voluntaria,ZONA 3,CHIMBORAZO,14/1/2025,-1.5,-78.73333
TUNGURAHUA,-1.26974212789693053,-78.6090429741958161,5,HOMBRE,A24-CAUSAS FAMILIARES,NO RELACIONADOS A VIOLENCIA,14/1/2025,Voluntaria,ZONA 3,TUNGURAHUA,15/1/2025,-1.23164,-78.62321
TUNGURAHUA,-1.26974212789693053,-78.6090429741958161,26,MUJER,A24-CAUSAS FAMILIARES,NO RELACIONADOS A VIOLENCIA,14/1/2025,Voluntaria,ZONA 3,TUNGURAHUA,15/1/2025,-1.23164,-78.62321
GUAYAS,-2.10992749999999996,-79.9749769999999955,29,HOMBRE,,,14/1/2025,En Investigación,,,,,
GUAYAS,-2.10932720000000007,-79.9487135999999907,15,MUJER,,,14/1/2025,En Investigación,,,,,
GUAYAS,-2.17400725530482575,-79.8470642938301864,58,HOMBRE,A24-CAUSAS PERSONALES,CIRCUNSTANCIAL,14/1/2025,Voluntaria,ZONA 8,D.M. GUAYAQUIL,13/2/2025,-2.16984,-79.83874
CHIMBORAZO,-1.93507420000000008,-78.7099027999999947,22,MUJER,A24-VIOLENCIA,VIOLENCIA FÍSICA,14/1/2025,Voluntaria,ZONA 3,CHIMBORAZO,14/1/2025,-1.5,-78.73333
MORONA SANTIAGO,-1.94603510265416002,-77.9897332896728699,16,MUJER,A24-CAUSAS PERSONALES,CIRCUNSTANCIAL,14/1/2025,Voluntaria,ZONA 6,MORONA SANTIAGO,9/2/2025,-1.94483,-77.99335
AZUAY,-2.92809169999999996,-78.778788899999995,53,HOMBRE,A24-CAUSAS PERSONALES,CIRCUNSTANCIAL,14/1/2025,Voluntaria,ZONA 6,AZUAY,16/1/2025,-2.88892,-78.77923
AZUAY,-2.92280899999999999,-79.0097894000000025,15,MUJER,A24-CAUSAS PERSONALES,CIRCUNSTANCIAL,14/1/2025,Voluntaria,ZONA 6,AZUAY,15/1/2025,-3.02034,-79.02256
EL ORO,-3.47638230000000004,-80.2225447999999943,15,MUJER,A24-CAUSAS FAMILIARES,NO RELACIONADOS A VIOLENCIA,14/1/2025,Voluntaria,ZONA 7,EL ORO,16/1/2025,-3.47638,-80.22254
LOJA,-4.02596572744130476,-79.2049709238503965,20,HOMBRE,A24-CAUSAS FAMILIARES,NO RELACIONADOS A VIOLENCIA,14/1/2025,Voluntaria,ZONA 7,LOJA,18/1/2025,-4.02388,-79.20823
SANTO DOMINGO DE LOS TSACHILAS,-0.256132782383839186,-79.206653417628516,13,MUJER,A24-CAUSAS PERSONALES,RELACIÓN AFECTIVA,14/1/2025,Voluntaria,ZONA 4,SANTO DOMINGO DE LOS TSACHILAS,17/1/2025,-0.25324,-79.20803
PICHINCHA,0.0425350999999999993,-78.1458803999999958,14,MUJER,A24-CAUSAS PERSONALES,CIRCUNSTANCIAL,14/1/2025,Voluntaria,ZONA 2,PICHINCHA,16/1/2025,0.04533,-78.14505
TUNGURAHUA,-1.25893499999999992,-78.5944717999999938,13,HOMBRE,A24-CAUSAS PERSONALES,CIRCUNSTANCIAL,14/1/2025,Voluntaria,ZONA 3,TUNGURAHUA,18/1/2025,-1.28526,-78.58447
MORONA SANTIAGO,-2.31740967248903162,-78.1297483908594046,47,HOMBRE,,,14/1/2025,En Investigación,,,,,
GUAYAS,-2.1271513999999998,-79.7417116000000021,53,HOMBRE,A24-CAUSAS FAMILIARES,NO RELACIONADOS A VIOLENCIA,14/1/2025,Voluntaria,ZONA 8,D.M. GUAYAQUIL,24/1/2025,-2.17615,-79.9412
MORONA SANTIAGO,-2.96890229999999988,-78.4334178999999949,11,MUJER,A24-CAUSAS FAMILIARES,NO RELACIONADOS A VIOLENCIA,14/1/2025,Voluntaria,ZONA 6,MORONA SANTIAGO,21/1/2025,-2.9689,-78.43342
GUAYAS,-2.10992710107324433,-79.9749441886548027,22,HOMBRE,,,14/1/2025,En Investigación,,,,,
LOS RIOS,-1.0213987563775877,-79.4724322352398929,29,HOMBRE,A24-CAUSAS PERSONALES,CIRCUNSTANCIAL,13/1/2025,Voluntaria,ZONA 5,LOS RIOS,9/2/2025,-1.01099,-79.46628
AZUAY,-2.86903100000000011,-79.0049549999999954,11,MUJER,A24-CAUSAS PERSONALES,CIRCUNSTANCIAL,13/1/2025,Voluntaria,ZONA 6,AZUAY,14/1/2025,-2.90663,-78.984
GUAYAS,-2.13809127959705636,-79.5935839501084672,18,HOMBRE,FALLECIDO,NO DETERMINADA,13/1/2025,Involuntaria,ZONA 5,GUAYAS,7/2/2025,-2.18139,-79.51141
TUNGURAHUA,-1.3075410999999999,-78.6384551999999957,17,MUJER,A24-CAUSAS PERSONALES,CIRCUNSTANCIAL,13/1/2025,Voluntaria,ZONA 3,TUNGURAHUA,15/1/2025,-1.30754,-78.63846
COTOPAXI,-0.932227779845629545,-78.6128106287132908,4,MUJER,A24-CAUSAS FAMILIARES,NO RELACIONADOS A VIOLENCIA,13/1/2025,Voluntaria,ZONA 9,D.M. QUITO,26/1/2025,-0.3086,-78.56183
MANABI,-1.00918419999999998,-80.6687579999999969,12,HOMBRE,A24-CAUSAS PERSONALES,CIRCUNSTANCIAL,13/1/2025,Voluntaria,ZONA 4,MANABI,29/1/2025,-1.00827,-80.68636
MORONA SANTIAGO,-3.4310451999999998,-78.5660852000000034,15,MUJER,A24-CAUSAS PERSONALES,CIRCUNSTANCIAL,13/1/2025,Voluntaria,ZONA 6,MORONA SANTIAGO,12/2/2025,-3.4047,-78.58135
CHIMBORAZO,-1.64747539058586989,-78.685305118560791,17,MUJER,A24-VIOLENCIA,ACOSO/VIOLENCIA SEXUAL,13/1/2025,Voluntaria ,ZONA 3,CHIMBORAZO,14/1/2025,-1.66261,-78.66335
GUAYAS,-2.13447049821681567,-79.608545653396888,28,HOMBRE,FALLECIDO,NO DETERMINADA,13/1/2025,Involuntaria,ZONA 5,GUAYAS,7/2/2025,-2.18173,-79.51475
AZUAY,-2.86002358957008562,-78.9881651652421226,24,MUJER,A24-CAUSAS PERSONALES,CIRCUNSTANCIAL,13/1/2025,Voluntaria,ZONA 6,AZUAY,17/1/2025,-2.90013,-79.0059
TUNGURAHUA,-1.30334031556594243,-78.639505501439217,20,HOMBRE,A24-CAUSAS PERSONALES,CIRCUNSTANCIAL,13/1/2025,Voluntaria,ZONA 3,TUNGURAHUA,23/1/2025,-1.30754,-78.63846
COTOPAXI,-0.932227779845629545,-78.6128106287132908,29,MUJER,A24-CAUSAS PERSONALES,RELACIÓN AFECTIVA,13/1/2025,Voluntaria,ZONA 9,D.M. QUITO,26/1/2025,-0.3086,-78.56183
GUAYAS,-2.20240990000000014,-79.9093112000000048,15,MUJER,,,13/1/2025,En Investigación,,,,,
PICHINCHA,-0.195652400000000004,-78.5062561000000017,16,MUJER,A24-CAUSAS PERSONALES,CIRCUNSTANCIAL,13/1/2025,Voluntaria,ZONA 9,D.M. QUITO,14/1/2025,-0.22551,-78.33743
GUAYAS,-2.06975629999999988,-79.9460640000000069,68,MUJER,A24-CAUSAS PERSONALES,CIRCUNSTANCIAL,13/1/2025,Voluntaria,ZONA 8,D.M. GUAYAQUIL,1/2/2025,-2.06976,-79.94606
LOS RIOS,-1.00622274070313189,-79.4746864059708429,16,HOMBRE,A24-CAUSAS FAMILIARES,NO RELACIONADOS A VIOLENCIA,13/1/2025,Voluntaria,ZONA 5,LOS RIOS,16/1/2025,-1.01034,-79.46494
LOS RIOS,-1.00622274070313189,-79.4746864059708429,15,HOMBRE,A24-CAUSAS FAMILIARES,NO RELACIONADOS A VIOLENCIA,13/1/2025,Voluntaria,ZONA 5,LOS RIOS,16/1/2025,-1.01034,-79.46494
GUAYAS,-2.07215490000000013,-79.9345141000000012,17,HOMBRE,,,13/1/2025,En Investigación,,,,,
MANABI,-0.134075294578863469,-79.5831571386508472,44,HOMBRE,A24-CAUSAS SOCIALES,ALCOHOLISMO,13/1/2025,Voluntaria,ZONA 4,MANABI,28/1/2025,-0.27281,-79.44913
AZUAY,-2.83554519999999988,-78.7724192000000016,16,MUJER,A24-CAUSAS PERSONALES,CIRCUNSTANCIAL,13/1/2025,Voluntaria,ZONA 6,AZUAY,21/1/2025,-2.81374,-78.7722
GUAYAS,-2.07215490000000013,-79.9345141000000012,22,HOMBRE,,,13/1/2025,En Investigación,,,,,
EL ORO,-3.2581112000000001,-79.9553923999999938,15,MUJER,,,13/1/2025,En Investigación,,,,,
CHIMBORAZO,-1.8570507322404417,-78.7634312042085583,12,MUJER,A24-CAUSAS PERSONALES,CIRCUNSTANCIAL,13/1/2025,Voluntaria,ZONA 3,CHIMBORAZO,17/1/2025,-1.67305,-78.65165
PICHINCHA,-0.251656600000000008,-78.5170107000000002,31,MUJER,A24-CAUSAS PERSONALES,CIRCUNSTANCIAL,13/1/2025,Voluntaria,ZONA 9,D.M. QUITO,5/2/2025,-0.31595,-78.55448
GUAYAS,-2.23188223310654221,-80.078637574066164,38,HOMBRE,A24-CAUSAS PERSONALES,CIRCUNSTANCIAL,13/1/2025,Voluntaria,ZONA 8,D.M. GUAYAQUIL,21/1/2025,-2.23167,-80.07799
CARCHI,0.510572499999999985,-77.8667416000000117,15,HOMBRE,,,13/1/2025,En Investigación,,,,,
CHIMBORAZO,-1.8570507322404417,-78.7634312042085583,15,MUJER,A24-CAUSAS PERSONALES,CIRCUNSTANCIAL,13/1/2025,Voluntaria,ZONA 3,CHIMBORAZO,17/1/2025,-1.67305,-78.65165
MANABI,-0.964477321699502621,-80.7302735345291893,18,MUJER,,,12/1/2025,En Investigación,,,,,
CHIMBORAZO,-1.62519980000000008,-78.6367448000000024,8,HOMBRE,A24-CAUSAS FAMILIARES,NO RELACIONADOS A VIOLENCIA,12/1/2025,Voluntaria,ZONA 3,CHIMBORAZO,13/1/2025,-1.67248,-78.65144
GUAYAS,-2.09189015333070127,-79.916415388261143,15,HOMBRE,A24-CAUSAS FAMILIARES,NO RELACIONADOS A VIOLENCIA,12/1/2025,Voluntaria,ZONA 8,D.M. GUAYAQUIL,29/1/2025,-2.21935,-79.93998
CHIMBORAZO,-2.28317419999999993,-78.7681645000000117,13,MUJER,,,12/1/2025,En Investigación,,,,,
GUAYAS,-2.24760571038862622,-79.8923299533729505,18,HOMBRE,,,12/1/2025,En Investigación,,,,,
GUAYAS,-2.23228720000000003,-79.9183981000000045,13,MUJER,,,12/1/2025,En Investigación,,,,,
CHIMBORAZO,-1.62519980000000008,-78.6367448000000024,4,MUJER,A24-CAUSAS FAMILIARES,NO RELACIONADOS A VIOLENCIA,12/1/2025,Voluntaria,ZONA 3,CHIMBORAZO,13/1/2025,-1.67248,-78.65144
COTOPAXI,-0.785166699999999995,-78.6455474999999922,14,MUJER,A24-CAUSAS PERSONALES,RELACIÓN AFECTIVA,12/1/2025,Voluntaria,ZONA 3,COTOPAXI,13/1/2025,-0.78517,-78.64555
PICHINCHA,-0.17572009999999999,-78.4854960000000119,16,MUJER,A24-CAUSAS PERSONALES,CIRCUNSTANCIAL,12/1/2025,Voluntaria,ZONA 9,D.M. QUITO,13/1/2025,-0.14214,-78.50057
ESMERALDAS,0.970580599999999905,-79.6530010000000033,72,HOMBRE,A24-EXTRAVIADO - DISCAPACIDAD / ENFERMEDADES / TRASTORNOS,DISCAPACIDAD FÍSICA,12/1/2025,Extravío ,ZONA 5,LOS RIOS,16/1/2025,-1.03716,-79.47261
GUAYAS,-2.14749290000000004,-79.5864621000000056,29,MUJER,A24-CAUSAS PERSONALES,CIRCUNSTANCIAL,12/1/2025,Voluntaria,ZONA 5,GUAYAS,16/1/2025,-2.12902,-79.59052
GUAYAS,-2.1813390266500905,-79.9099451644353991,14,HOMBRE,A24-EXTRAVIADO - DISCAPACIDAD / ENFERMEDADES / TRASTORNOS,DISCAPACIDAD PSICOSOCIAL,12/1/2025,En Investigación,ZONA 5,GUAYAS,14/1/2025,-2.13464,-79.60527
SANTO DOMINGO DE LOS TSACHILAS,-0.261831855435992356,-79.4086962167373542,13,MUJER,A24-CAUSAS PERSONALES,RELACIÓN AFECTIVA,12/1/2025,Voluntaria,ZONA 4,SANTO DOMINGO DE LOS TSACHILAS,4/2/2025,-0.26381,-79.40436
PICHINCHA,0.00456849999999999964,-78.4467744999999894,6,MUJER,A24-CAUSAS FAMILIARES,NO RELACIONADOS A VIOLENCIA,12/1/2025,Voluntaria,ZONA 9,D.M. QUITO,22/1/2025,-0.00217,-78.45583
PICHINCHA,0.00456849999999999964,-78.4467744999999894,11,MUJER,A24-CAUSAS PERSONALES,CIRCUNSTANCIAL,12/1/2025,Voluntaria,ZONA 9,D.M. QUITO,13/1/2025,-0.00003,-78.42857
GUAYAS,-1.80938299999999996,-80.2271810000000016,15,MUJER,,,12/1/2025,En Investigación,,,,,
PICHINCHA,-0.242852800000000008,-78.4973607000000015,16,MUJER,A24-CAUSAS FAMILIARES,NO RELACIONADOS A VIOLENCIA,12/1/2025,Voluntaria,ZONA 9,D.M. QUITO,23/1/2025,-0.24285,-78.49736
GUAYAS,-2.05957487294772879,-79.9482465002067784,14,HOMBRE,A24-CAUSAS FAMILIARES,NO RELACIONADOS A VIOLENCIA,12/1/2025,Voluntaria,ZONA 8,D.M. GUAYAQUIL,25/1/2025,-2.18075,-79.91022
ESMERALDAS,0.332059884962233043,-79.4630900380186915,17,MUJER,,,12/1/2025,En Investigación,,,,,
LOJA,-4.01142693386150917,-79.2146009092028152,18,HOMBRE,,,12/1/2025,En Investigación,,,,,
LOJA,-4.01174699999999973,-79.2098682999999966,22,HOMBRE,,,12/1/2025,En Investigación,,,,,
PICHINCHA,-0.292436199999999979,-78.5220700999999934,22,MUJER,A24-CAUSAS PERSONALES,CIRCUNSTANCIAL,12/1/2025,Voluntaria,ZONA 9,D.M. QUITO,17/1/2025,-0.22487,-78.52043
GUAYAS,-2.12252930000000006,-80.0001350000000002,17,HOMBRE,,,12/1/2025,En Investigación,,,,,
GUAYAS,-2.20781099999999997,-79.9147225999999904,14,MUJER,A24-CAUSAS ACADÉMICAS,ACADÉMICO/ESCOLAR (RENDIMIENTO),12/1/2025,Voluntaria,ZONA 8,D.M. GUAYAQUIL,5/2/2025,-2.21954,-79.93968
PICHINCHA,-0.0940491999999999995,-78.4510100999999906,28,HOMBRE,FALLECIDO,NO DETERMINADA,12/1/2025,Involuntaria,ZONA 9,D.M. QUITO,21/1/2025,-0.1817,-78.50438
GUAYAS,-2.1435665820137193,-79.6021987187411213,13,MUJER,A24-CAUSAS PERSONALES,CIRCUNSTANCIAL,12/1/2025,Voluntaria,ZONA 5,GUAYAS,14/1/2025,-2.20691,-79.63113
GUAYAS,-2.09253881017785437,-79.964566521040112,30,HOMBRE,A24-CAUSAS PERSONALES,CIRCUNSTANCIAL,12/1/2025,Voluntaria,ZONA 8,D.M. GUAYAQUIL,9/2/2025,-2.21959,-79.94018
GUAYAS,-2.16551200613050066,-79.8806793920834792,39,HOMBRE,FALLECIDO,ASESINATO,11/1/2025,Fallecido,ZONA 8,D.M. GUAYAQUIL,16/1/2025,-2.19481,-79.93888
PICHINCHA,-0.252509306582654802,-78.5426966116541081,15,HOMBRE,A24-CAUSAS SOCIALES,DROGADICCIÓN,11/1/2025,Voluntaria,ZONA 9,D.M. QUITO,20/1/2025,-0.2536,-78.54363
GUAYAS,-2.22775420000000013,-79.9395438999999897,42,MUJER,,,11/1/2025,En Investigación,,,,,
SANTO DOMINGO DE LOS TSACHILAS,-0.253469325786975785,-79.1353805925822087,14,MUJER,A24-CAUSAS PERSONALES,RELACIÓN AFECTIVA,11/1/2025,Voluntaria,ZONA 4,SANTO DOMINGO DE LOS TSACHILAS,4/2/2025,-0.26381,-79.40436
LOS RIOS,-0.949761961181195047,-79.3505502213245109,36,HOMBRE,,,11/1/2025,En Investigación,,,,,
LOS RIOS,-1.03057894925447791,-79.4752284097810389,14,MUJER,A24-CAUSAS PERSONALES,CIRCUNSTANCIAL,11/1/2025,Voluntaria,ZONA 5,LOS RIOS,9/2/2025,-1.01099,-79.46628
PICHINCHA,0.052163000000000001,-79.2533260000000013,15,MUJER,A24-CAUSAS PERSONALES,RELACIÓN AFECTIVA,11/1/2025,Voluntaria,ZONA 6,MORONA SANTIAGO,5/2/2025,-2.4563,-78.17228
PICHINCHA,-0.327643999999999991,-78.5673546999999957,14,HOMBRE,A24-CAUSAS FAMILIARES,NO RELACIONADOS A VIOLENCIA,11/1/2025,Voluntaria,ZONA 2,PICHINCHA,16/1/2025,-0.41154,-78.54985
GUAYAS,-2.20414976135966212,-79.9277043894766592,13,MUJER,A24-CAUSAS PERSONALES,RELACIÓN AFECTIVA,11/1/2025,Voluntaria,ZONA 8,D.M. GUAYAQUIL,28/1/2025,-2.21988,-79.93764
LOS RIOS,-1.5584201398521611,-79.7546046094416567,53,MUJER,A24-CAUSAS PERSONALES,CIRCUNSTANCIAL,11/1/2025,Voluntaria,ZONA 5,LOS RIOS,18/1/2025,-1.55971,-79.75377
PICHINCHA,-0.258524299999999985,-78.559697099999994,44,HOMBRE,A24-CAUSAS PERSONALES,CIRCUNSTANCIAL,11/1/2025,Voluntaria,ZONA 9,D.M. QUITO,12/1/2025,-0.25821,-78.54132
MANABI,-0.279851300208425746,-79.4683311092749989,15,MUJER,A24-CAUSAS PERSONALES,RELACIÓN AFECTIVA,11/1/2025,Voluntaria,ZONA 9,D.M. QUITO,14/1/2025,-0.2495,-78.50684
EL ORO,-3.45910621146836661,-79.9615926630944358,15,MUJER,A24-CAUSAS PERSONALES,CIRCUNSTANCIAL,11/1/2025,Voluntaria,ZONA 7,EL ORO,13/1/2025,-3.46975,-79.97045
PICHINCHA,-0.244114899999999996,-78.5220700999999934,28,HOMBRE,A24-POSIBLE VINCULACION A DELITO,ROBO(ESCOPOLAMINA U OTRA DROGA ALUCINÓGENA ALTAMENTE TÓXICA),11/1/2025,Involuntaria,ZONA 9,D.M. QUITO,14/1/2025,-0.14219,-78.50023
LOS RIOS,-1.79622885114022179,-79.5375228390380613,17,HOMBRE,A24-CAUSAS SOCIALES,DROGADICCIÓN,11/1/2025,Voluntaria,ZONA 5,LOS RIOS,20/1/2025,-1.80284,-79.53427
GUAYAS,-1.8779408981440453,-79.9000953920203898,14,MUJER,A24-CAUSAS PERSONALES,CIRCUNSTANCIAL,11/1/2025,Voluntaria,ZONA 5,GUAYAS,17/1/2025,-1.82805,-79.80893
GUAYAS,-1.04831859999999999,-79.6080967000000044,41,MUJER,,,11/1/2025,En Investigación,,,,,
EL ORO,-3.26522943814658717,-79.9440868954763033,14,MUJER,A24-CAUSAS PERSONALES,RELACIÓN AFECTIVA,10/1/2025,Voluntaria,ZONA 7,EL ORO,11/1/2025,-3.26233,-79.96256
GUAYAS,-2.0972198999999998,-79.9597823000000005,24,HOMBRE,,,10/1/2025,En Investigación,,,,,
ESMERALDAS,0.919755217004034398,-79.6856026733724292,35,MUJER,A24-CAUSAS PERSONALES,RELACIÓN AFECTIVA,10/1/2025,Voluntaria,ZONA 1,ESMERALDAS,16/1/2025,0.97058,-79.653
PICHINCHA,-0.172762899999999997,-78.4746821999999895,14,MUJER,A24-CAUSAS FAMILIARES,NO RELACIONADOS A VIOLENCIA,10/1/2025,Voluntaria,ZONA 9,D.M. QUITO,9/2/2025,-0.17021,-78.47986
EL ORO,-3.32652203937443725,-79.8089934803613943,17,HOMBRE,A24-CAUSAS FAMILIARES,NO RELACIONADOS A VIOLENCIA,10/1/2025,Voluntaria,ZONA 7,EL ORO,21/1/2025,-3.32824,-79.80882
PICHINCHA,-0.0936241000000000018,-78.5060972999999933,70,HOMBRE,A24-CAUSAS PERSONALES,CIRCUNSTANCIAL,10/1/2025,Voluntaria,ZONA 9,D.M. QUITO,11/1/2025,-0.14214,-78.50057
PICHINCHA,-0.218821600000000005,-78.5135489000000035,15,HOMBRE,A24-CAUSAS FAMILIARES,NO RELACIONADOS A VIOLENCIA,10/1/2025,Voluntaria,ZONA 9,D.M. QUITO,9/2/2025,-0.09405,-78.45101
PICHINCHA,-0.330162599999999973,-78.4510728999999998,18,MUJER,A24-CAUSAS PERSONALES,RELACIÓN AFECTIVA,10/1/2025,Voluntaria,ZONA 2,PICHINCHA,6/2/2025,-0.3291,-78.44536
GUAYAS,-2.21073481160820995,-79.9412921327440387,15,HOMBRE,,,10/1/2025,En Investigación,,,,,
PICHINCHA,-0.172762899999999997,-78.4746821999999895,16,MUJER,A24-CAUSAS FAMILIARES,NO RELACIONADOS A VIOLENCIA,10/1/2025,Voluntaria,ZONA 9,D.M. QUITO,9/2/2025,-0.17021,-78.47986
MANABI,-0.95602509999999985,-80.638494399999999,23,HOMBRE,A24-CAUSAS PERSONALES,CIRCUNSTANCIAL,10/1/2025,Voluntaria,ZONA 4,MANABI,12/1/2025,-1.34903,-80.58003
PICHINCHA,-0.22170970000000001,-78.5183093999999926,45,HOMBRE,A24-EXTRAVIADO - DISCAPACIDAD / ENFERMEDADES / TRASTORNOS,DISCAPACIDAD INTELECTUAL,10/1/2025,Extravío ,ZONA 9,D.M. QUITO,24/1/2025,-0.22124,-78.51765
ZAMORA CHINCHIPE,-4.03895986377025284,-78.632677932445219,23,HOMBRE,FALLECIDO,HOMICIDIO,10/1/2025,Fallecido,ZONA 7,ZAMORA CHINCHIPE,17/1/2025,-4.05079,-78.56302
ZAMORA CHINCHIPE,-4.03895986377025284,-78.632677932445219,20,HOMBRE,FALLECIDO,HOMICIDIO,10/1/2025,Fallecido,ZONA 7,ZAMORA CHINCHIPE,17/1/2025,-4.05079,-78.56302
GUAYAS,-2.07887289999999991,-79.9184206999999986,34,HOMBRE,,,10/1/2025,En Investigación,,,,,
PICHINCHA,-0.24156975701385075,-78.5297799110412598,15,HOMBRE,A24-CAUSAS PERSONALES,CIRCUNSTANCIAL,10/1/2025,Voluntaria,ZONA 9,D.M. QUITO,19/1/2025,-0.23191,-78.53319
ESMERALDAS,0.322726896076164227,-79.4766378716373225,15,MUJER,,,10/1/2025,En Investigación,,,,,
GUAYAS,-2.1119962000000001,-79.9888274999999993,25,HOMBRE,,,10/1/2025,En Investigación,,,,,
MANABI,0.0731180999999999914,-80.0513928000000021,15,MUJER,A24-CAUSAS FAMILIARES,NO RELACIONADOS A VIOLENCIA,10/1/2025,Voluntaria,ZONA 9,D.M. QUITO,9/2/2025,-0.30695,-78.5019
GUAYAS,-2.18941279999999994,-79.889066200000002,37,MUJER,,,10/1/2025,En Investigación,,,,,
SANTO DOMINGO DE LOS TSACHILAS,-0.284789850332210104,-79.2024252517234686,16,MUJER,A24-CAUSAS FAMILIARES,NO RELACIONADOS A VIOLENCIA,10/1/2025,Voluntaria,ZONA 4,SANTO DOMINGO DE LOS TSACHILAS,20/1/2025,-0.27406,-79.1924
GUAYAS,-2.25486599999999981,-79.8794799000000069,14,MUJER,A24-CAUSAS FAMILIARES,NO RELACIONADOS A VIOLENCIA,10/1/2025,Voluntaria,ZONA 8,D.M. GUAYAQUIL,9/2/2025,-2.25459,-79.88848
GUAYAS,-2.15207779999999982,-79.5812335000000104,19,HOMBRE,A24-CAUSAS FAMILIARES,NO RELACIONADOS A VIOLENCIA,10/1/2025,Voluntaria,ZONA 9,D.M. QUITO,21/1/2025,-0.14245,-78.50019
CHIMBORAZO,-1.90845200000000004,-78.64106799999999,14,MUJER,A24-CAUSAS PERSONALES,CIRCUNSTANCIAL,10/1/2025,Voluntaria,ZONA 3,CHIMBORAZO,14/1/2025,-1.67248,-78.65144
TUNGURAHUA,-1.23806717510996922,-78.6193709532116856,12,MUJER,A24-CAUSAS PERSONALES,CIRCUNSTANCIAL,10/1/2025,Voluntaria,ZONA 3,TUNGURAHUA,12/1/2025,-1.27561,-78.6303
MANABI,-0.969018099999999993,-80.7045045999999928,60,HOMBRE,A24-CAUSAS PERSONALES,CIRCUNSTANCIAL,10/1/2025,Voluntaria,ZONA 4,MANABI,29/1/2025,-0.96544,-80.70695
COTOPAXI,-0.944012418147057275,-78.6111586482984279,17,MUJER,A24-CAUSAS PERSONALES,RELACIÓN AFECTIVA,10/1/2025,Voluntaria,ZONA 3,TUNGURAHUA,12/1/2025,-1.25434,-78.62285
PICHINCHA,-0.142453300000000005,-78.4948009000000013,42,MUJER,A24-CAUSAS FAMILIARES,NO RELACIONADOS A VIOLENCIA,10/1/2025,Voluntaria,ZONA 9,D.M. QUITO,19/1/2025,-0.16186,-78.49654
MANABI,-1.06259518975568779,-80.4473964494842022,15,MUJER,A24-CAUSAS PERSONALES,CIRCUNSTANCIAL,9/1/2025,Voluntaria,ZONA 4,MANABI,9/1/2025,-1.07081,-80.43273
GUAYAS,-2.54045409999999983,-79.5482647000000043,14,MUJER,,,9/1/2025,En Investigación,,,,,
MANABI,-0.695847808879491603,-80.1172134887451222,13,MUJER,A24-CAUSAS PERSONALES,CIRCUNSTANCIAL,9/1/2025,Voluntaria,ZONA 4,MANABI,10/1/2025,-0.70261,-80.13288
GUAYAS,-1.84437999999999991,-79.7735299999999938,18,MUJER,A24-CAUSAS PERSONALES,CIRCUNSTANCIAL,9/1/2025,Voluntaria,ZONA 5,GUAYAS,12/1/2025,-1.82809,-79.80898
AZUAY,-2.89608789999999994,-79.0037320999999935,38,HOMBRE,A24-CAUSAS PERSONALES,CIRCUNSTANCIAL,9/1/2025,Voluntaria,ZONA 6,AZUAY,15/1/2025,-2.90013,-79.0059
IMBABURA,0.233514100000000002,-78.2191320000000019,16,MUJER,,,9/1/2025,En Investigación,,,,,
IMBABURA,0.233514100000000002,-78.2191320000000019,16,MUJER,,,9/1/2025,En Investigación,,,,,
PICHINCHA,-0.291145700000000007,-78.5696350000000052,15,MUJER,A24-CAUSAS PERSONALES,CIRCUNSTANCIAL,9/1/2025,Voluntaria,ZONA 9,D.M. QUITO,9/2/2025,-0.30741,-78.52633
MANABI,-1.06259518975568779,-80.4473964494842022,14,MUJER,A24-CAUSAS PERSONALES,CIRCUNSTANCIAL,9/1/2025,Voluntaria,ZONA 4,MANABI,9/1/2025,-1.07081,-80.43273
CHIMBORAZO,-1.66502269999999997,-78.6588785999999942,22,HOMBRE,A24-CAUSAS PERSONALES,RELACIÓN AFECTIVA,9/1/2025,Voluntaria,ZONA 3,CHIMBORAZO,13/1/2025,-1.67248,-78.65144
PICHINCHA,-0.187222200000000005,-78.490111799999994,20,MUJER,A24-CAUSAS SOCIALES,ALCOHOLISMO,9/1/2025,Voluntaria,ZONA 9,D.M. QUITO,9/1/2025,-0.24527,-78.52349
PICHINCHA,-0.310092314533361058,-78.5589221187255902,12,HOMBRE,A24-CAUSAS PERSONALES,CIRCUNSTANCIAL,9/1/2025,Voluntaria,ZONA 9,D.M. QUITO,13/1/2025,-0.30419,-78.55879
IMBABURA,0.237562600000000013,-78.2662763999999953,16,HOMBRE,,,9/1/2025,En Investigación,,,,,
GUAYAS,-2.20743480000000014,-79.9032773999999932,16,MUJER,A24-CAUSAS PERSONALES,RELACIÓN AFECTIVA,9/1/2025,Voluntaria,ZONA 8,D.M. GUAYAQUIL,5/2/2025,-2.21954,-79.93968
GUAYAS,-2.21448947958022213,-79.9332309735885644,16,MUJER,,,9/1/2025,En Investigación,,,,,
GUAYAS,-2.24643300000000012,-79.7624177000000003,14,MUJER,,,9/1/2025,En Investigación,,,,,
CAÑAR,-2.77261687974896232,-78.9218030705762033,26,HOMBRE,A24-CAUSAS SOCIALES,ALCOHOLISMO,9/1/2025,Voluntaria,ZONA 6,CAÑAR,17/1/2025,-2.74543,-78.84824
GUAYAS,-2.08511330000000017,-79.9287143999999898,41,HOMBRE,A24-CAUSAS PERSONALES,CIRCUNSTANCIAL,9/1/2025,Voluntaria,ZONA 8,D.M. GUAYAQUIL,25/1/2025,-2.10352,-79.95593
GUAYAS,-2.09501839999999984,-79.9867897999999968,28,HOMBRE,,,9/1/2025,En Investigación,,,,,
PICHINCHA,-0.105410400000000001,-78.5133371999999952,66,HOMBRE,FALLECIDO,NO DETERMINADA,9/1/2025,Involuntaria,ZONA 9,D.M. QUITO,22/1/2025,-0.18211,-78.50405
AZUAY,-2.88458900000000007,-78.9935760000000045,44,HOMBRE,A24-CAUSAS PERSONALES,CIRCUNSTANCIAL,9/1/2025,Voluntaria,ZONA 6,AZUAY,27/1/2025,-2.91176,-78.99256
ESMERALDAS,0.970580599999999905,-79.6530010000000033,64,HOMBRE,A24-CAUSAS FAMILIARES,NO RELACIONADOS A VIOLENCIA,9/1/2025,Voluntaria,ZONA 1,ESMERALDAS,16/1/2025,0.93397,-79.67062
LOJA,-3.97539953661548351,-79.2011207342147827,26,MUJER,A24-EXTRAVIADO - DISCAPACIDAD / ENFERMEDADES / TRASTORNOS,DISCAPACIDAD INTELECTUAL,9/1/2025,Extravío ,ZONA 7,LOJA,20/1/2025,-3.77099,-79.37734
PICHINCHA,-0.277095599999999997,-78.5594681999999978,68,HOMBRE,A24-CAUSAS FAMILIARES,NO RELACIONADOS A VIOLENCIA,9/1/2025,Voluntaria,ZONA 9,D.M. QUITO,29/1/2025,-0.26434,-78.54986
PICHINCHA,-0.117249300000000001,-78.4574329000000006,58,HOMBRE,A24-CAUSAS PERSONALES,CIRCUNSTANCIAL,9/1/2025,Voluntaria,ZONA 9,D.M. QUITO,13/1/2025,-0.1215,-78.46591
ESMERALDAS,0.992467987941616503,-79.5628001725971359,16,MUJER,A24-CAUSAS FAMILIARES,NO RELACIONADOS A VIOLENCIA,8/1/2025,Voluntaria,ZONA 1,ESMERALDAS,28/1/2025,0.91403,-79.68806
MANABI,-1.10669620939239888,-80.5846943957418915,26,HOMBRE,,,8/1/2025,En Investigación,,,,,
GUAYAS,-2.12252930000000006,-80.0001350000000002,16,HOMBRE,,,8/1/2025,En Investigación,,,,,
PICHINCHA,-0.286096599999999979,-78.5263814999999994,28,HOMBRE,A24-CAUSAS PERSONALES,CIRCUNSTANCIAL,8/1/2025,Voluntaria,ZONA 9,D.M. QUITO,10/1/2025,-0.14223,-78.50037
GUAYAS,-2.08541651913065795,-79.9331581246554208,13,MUJER,A24-CAUSAS PERSONALES,RELACIÓN AFECTIVA,8/1/2025,Voluntaria,ZONA 8,D.M. GUAYAQUIL,28/1/2025,-2.21988,-79.93764
EL ORO,-3.27112003846958643,-79.9688052149414688,16,MUJER,A24-CAUSAS FAMILIARES,NO RELACIONADOS A VIOLENCIA,8/1/2025,Voluntaria,ZONA 7,EL ORO,9/1/2025,-3.26257,-79.96382
ORELLANA,-0.286808624443790572,-76.8366639957470738,43,HOMBRE,A24-CAUSAS FAMILIARES,NO RELACIONADOS A VIOLENCIA,8/1/2025,Voluntaria,ZONA 7,LOJA,11/1/2025,-3.99819,-79.20103
PICHINCHA,-0.137183899999999998,-78.476445499999997,36,HOMBRE,A24-CAUSAS PERSONALES,CIRCUNSTANCIAL,8/1/2025,Voluntaria,ZONA 9,D.M. QUITO,9/1/2025,-0.14246,-78.50034
PICHINCHA,-0.223252299999999987,-78.5141064000000028,76,HOMBRE,FALLECIDO,NO DETERMINADA,8/1/2025,Involuntaria,ZONA 9,D.M. QUITO,9/2/2025,-0.18199,-78.50548
BOLIVAR,-1.61143035461773243,-78.9757347106933594,19,MUJER,A24-EXTRAVIADO - DISCAPACIDAD / ENFERMEDADES / TRASTORNOS,DISCAPACIDAD SENSORIAL,8/1/2025,Extravío ,ZONA 9,D.M. QUITO,15/1/2025,-0.28099,-78.54909
MANABI,-0.630631000000000053,-80.221074999999999,25,MUJER,,,8/1/2025,En Investigación,,,,,
SANTA ELENA,-1.75960300000000003,-80.7688299999999941,19,HOMBRE,A24-CAUSAS ECONÓMICAS,DEUDAS,8/1/2025,Voluntaria,ZONA 5,SANTA ELENA,22/1/2025,-2.21904,-80.86435
ZAMORA CHINCHIPE,-3.5764037942900293,-78.4953866014110559,79,HOMBRE,,,8/1/2025,En Investigación,,,,,
GUAYAS,-1.9874989999999999,-79.9791179999999997,27,HOMBRE,FALLECIDO,ASESINATO,8/1/2025,Fallecido,ZONA 8,D.M. GUAYAQUIL,5/2/2025,-2.19488,-79.93847
SANTO DOMINGO DE LOS TSACHILAS,-0.234580058162654842,-79.1639905603648941,29,MUJER,A24-CAUSAS FAMILIARES,NO RELACIONADOS A VIOLENCIA,8/1/2025,Voluntaria,ZONA 4,SANTO DOMINGO DE LOS TSACHILAS,9/1/2025,-0.24995,-79.1438
GUAYAS,-2.10351709999999992,-79.9559315999999995,27,HOMBRE,FALLECIDO,ASESINATO,8/1/2025,Fallecido,ZONA 8,D.M. GUAYAQUIL,11/1/2025,-2.19468,-79.93842
MANABI,-1.55352946978543494,-80.8062464320557723,25,HOMBRE,,,8/1/2025,En Investigación,,,,,
SANTO DOMINGO DE LOS TSACHILAS,-0.252188199999999973,-79.187938299999999,16,MUJER,A24-CAUSAS PERSONALES,CIRCUNSTANCIAL,8/1/2025,Voluntaria,ZONA 4,SANTO DOMINGO DE LOS TSACHILAS,11/1/2025,-0.24698,-79.16345
CHIMBORAZO,-1.66061579999999998,-78.6466095999999908,5,MUJER,A24-CAUSAS FAMILIARES,NO RELACIONADOS A VIOLENCIA,7/1/2025,Voluntaria,ZONA 3,CHIMBORAZO,9/1/2025,-1.67278,-78.65157
PICHINCHA,-0.135002299999999992,-78.4382468999999958,12,MUJER,A24-CAUSAS PERSONALES,CIRCUNSTANCIAL,7/1/2025,Voluntaria,ZONA 9,D.M. QUITO,9/1/2025,-0.13959,-78.43825
SANTO DOMINGO DE LOS TSACHILAS,-0.145795499999999995,-79.3958272999999934,13,MUJER,A24-CAUSAS PERSONALES,RELACIÓN AFECTIVA,7/1/2025,Voluntaria,ZONA 4,SANTO DOMINGO DE LOS TSACHILAS,21/1/2025,-0.24698,-79.16345
LOJA,-3.94547602258768393,-79.2299973964691162,15,MUJER,A24-CAUSAS PERSONALES,RELACIÓN AFECTIVA,7/1/2025,Voluntaria,ZONA 7,LOJA,12/1/2025,-3.94334,-79.22405
MANABI,-0.270560512201356851,-79.4484806347525705,16,MUJER,A24-CAUSAS PERSONALES,RELACIÓN AFECTIVA,7/1/2025,Voluntaria,ZONA 4,MANABI,14/1/2025,-0.27011,-79.44833
GUAYAS,-2.1971410453057123,-79.8817453533411026,8,MUJER,,,7/1/2025,En Investigación,,,,,
PICHINCHA,-0.52042759999999999,-78.5884539999999987,14,MUJER,A24-CAUSAS FAMILIARES,NO RELACIONADOS A VIOLENCIA,7/1/2025,Voluntaria,ZONA 2,PICHINCHA,13/1/2025,-0.5114,-78.56702
MANABI,-0.270560512201356851,-79.4484806347525705,15,HOMBRE,A24-CAUSAS PERSONALES,RELACIÓN AFECTIVA,7/1/2025,Voluntaria,ZONA 4,MANABI,14/1/2025,-0.27025,-79.44832
SUCUMBIOS,-0.178191596896502241,-76.8332532861165731,17,MUJER,,,7/1/2025,En Investigación,,,,,
SANTA ELENA,-2.22050299999999989,-80.8621820000000042,17,HOMBRE,A24-CAUSAS ACADÉMICAS,ACADÉMICO/ESCOLAR (RENDIMIENTO),7/1/2025,Voluntaria,ZONA 5,SANTA ELENA,8/1/2025,-2.40142,-80.68051
GUAYAS,-2.1621364392525817,-79.920421673170253,16,MUJER,A24-CAUSAS PERSONALES,CIRCUNSTANCIAL,7/1/2025,Voluntaria,ZONA 8,D.M. GUAYAQUIL,9/2/2025,-2.14501,-79.92169
GUAYAS,-2.20733699999999988,-79.9063189000000023,18,MUJER,A24-CAUSAS FAMILIARES,NO RELACIONADOS A VIOLENCIA,7/1/2025,Voluntaria,ZONA 8,D.M. GUAYAQUIL,9/2/2025,-2.20734,-79.90632
LOJA,-3.77100211403441099,-79.3773187324404716,15,MUJER,A24-CAUSAS FAMILIARES,NO RELACIONADOS A VIOLENCIA,7/1/2025,Voluntaria,ZONA 6,AZUAY,7/2/2025,-2.90052,-79.00633
CHIMBORAZO,-1.59349875635673444,-78.6960124969482422,15,MUJER,A24-CAUSAS PERSONALES,RELACIÓN AFECTIVA,7/1/2025,Voluntaria,ZONA 3,CHIMBORAZO,8/1/2025,-1.6295,-78.68055
PICHINCHA,-0.0960487999999999897,-78.424032799999992,23,HOMBRE,A24-CAUSAS SOCIALES,DROGADICCIÓN,7/1/2025,Voluntaria,ZONA 9,D.M. QUITO,12/1/2025,-0.09605,-78.42403
CHIMBORAZO,-1.65764709999999993,-78.6592342000000002,21,MUJER,A24-CAUSAS ACADÉMICAS,ACADÉMICO/ESCOLAR (RENDIMIENTO),7/1/2025,Voluntaria,ZONA 3,CHIMBORAZO,8/1/2025,-1.67275,-78.65154
GUAYAS,-2.18913409999999997,-79.8899030999999979,14,MUJER,A24-CAUSAS FAMILIARES,NO RELACIONADOS A VIOLENCIA,7/1/2025,Voluntaria,ZONA 5,GUAYAS,9/2/2025,-1.9159,-80.01297
IMBABURA,0.233514100000000002,-78.2191320000000019,33,HOMBRE,A24-CAUSAS PERSONALES,CIRCUNSTANCIAL,7/1/2025,Voluntaria,ZONA 1,IMBABURA,29/1/2025,0.4,-78.51667
PICHINCHA,-0.167036199999999996,-78.3187870999999944,17,MUJER,A24-CAUSAS PERSONALES,CIRCUNSTANCIAL,6/1/2025,Voluntaria,ZONA 9,D.M. QUITO,8/1/2025,-0.14245,-78.50019
COTOPAXI,-0.770821112243815332,-78.6145393943909738,63,HOMBRE,A24-CAUSAS FAMILIARES,NO RELACIONADOS A VIOLENCIA,6/1/2025,Voluntaria,ZONA 6,AZUAY,10/1/2025,-2.90117,-78.98466
LOS RIOS,-1.02216441653679668,-79.4738730791541457,15,HOMBRE,A24-CAUSAS PERSONALES,RELACIÓN AFECTIVA,6/1/2025,Voluntaria,ZONA 5,LOS RIOS,9/2/2025,-1.01099,-79.46628
PICHINCHA,-0.00678929579086005701,-78.4443220888319104,32,HOMBRE,A24-CAUSAS PERSONALES,CIRCUNSTANCIAL,6/1/2025,Voluntaria,ZONA 1,CARCHI,9/1/2025,0.83119,-77.70867
LOS RIOS,-1.00620495723080894,-79.4608032723648705,17,HOMBRE,A24-CAUSAS PERSONALES,CIRCUNSTANCIAL,6/1/2025,Voluntaria,ZONA 5,LOS RIOS,9/2/2025,-1.01099,-79.46628
MANABI,-0.183975417673310021,-80.2891641855239868,41,HOMBRE,,,6/1/2025,En Investigación,,,,,
ESMERALDAS,1.23801197685291631,-78.770060107613773,26,MUJER,FALLECIDO,ASESINATO,6/1/2025,Fallecido,ZONA 1,ESMERALDAS,10/1/2025,1.12451,-78.73191
MANABI,-0.183975417673310021,-80.2891641855239868,38,HOMBRE,,,6/1/2025,En Investigación,,,,,
MANABI,-0.849819600000000008,-80.5313433000000032,18,MUJER,A24-CAUSAS PERSONALES,RELACIÓN AFECTIVA,6/1/2025,Voluntaria,ZONA 4,MANABI,28/1/2025,-0.86275,-80.52995
CAÑAR,-2.7903213242444731,-78.9261269052465479,17,MUJER,A24-CAUSAS PERSONALES,RELACIÓN AFECTIVA,6/1/2025,Voluntaria,ZONA 6,CAÑAR,15/1/2025,-2.61193,-78.6381
MANABI,-0.183975417673310021,-80.2891641855239868,18,HOMBRE,,,6/1/2025,En Investigación,,,,,
MORONA SANTIAGO,-2.30510619999999999,-78.1146866000000131,13,MUJER,,,6/1/2025,En Investigación,,,,,
PICHINCHA,-0.336111048302583426,-78.5627174377441406,16,MUJER,A24-CAUSAS PERSONALES,CIRCUNSTANCIAL,6/1/2025,Voluntaria,ZONA 9,D.M. QUITO,13/1/2025,-0.30419,-78.55879
PICHINCHA,-0.260779199999999989,-78.5099981999999983,16,MUJER,A24-CAUSAS FAMILIARES,NO RELACIONADOS A VIOLENCIA,6/1/2025,Voluntaria,ZONA 9,D.M. QUITO,13/1/2025,-0.14214,-78.50057
PICHINCHA,-0.245831600000000011,-78.5128387999999973,38,HOMBRE,A24-POSIBLE VINCULACION A DELITO,SECUESTRO EXTORSIVO,6/1/2025,Involuntaria,ZONA 4,SANTO DOMINGO DE LOS TSACHILAS,7/1/2025,-0.248,-79.16036
GUAYAS,-2.10149600000000003,-79.9898072999999954,29,HOMBRE,FALLECIDO,HOMICIDIO,6/1/2025,Fallecido,ZONA 8,D.M. GUAYAQUIL,5/2/2025,-2.19337,-79.93996
CHIMBORAZO,-2.20496090980599702,-79.1357874870300293,16,HOMBRE,A24-CAUSAS PERSONALES,RELACIÓN AFECTIVA,6/1/2025,Voluntaria,ZONA 3,CHIMBORAZO,8/1/2025,-2.20398,-79.13143
AZUAY,-2.90982759999999985,-79.0324420000000032,15,HOMBRE,A24-CAUSAS PERSONALES,CIRCUNSTANCIAL,6/1/2025,Voluntaria,ZONA 6,AZUAY,6/1/2025,-2.90983,-79.03244
PICHINCHA,-0.100150299999999998,-78.5186741999999924,14,MUJER,A24-CAUSAS FAMILIARES,NO RELACIONADOS A VIOLENCIA,6/1/2025,Voluntaria,ZONA 9,D.M. QUITO,9/2/2025,-0.10541,-78.51334
PICHINCHA,-0.285621100000000017,-78.5650430999999969,15,MUJER,A24-CAUSAS PERSONALES,RELACIÓN AFECTIVA,6/1/2025,Voluntaria,ZONA 9,D.M. QUITO,18/1/2025,-0.28562,-78.56504
CHIMBORAZO,-1.55895937970226184,-78.5030153561013861,15,MUJER,A24-CAUSAS PERSONALES,RELACIÓN AFECTIVA,6/1/2025,Voluntaria,ZONA 3,CHIMBORAZO,21/1/2025,-1.67302,-78.6515
GUAYAS,-2.11989450000000001,-79.572284499999995,40,HOMBRE,A24-POSIBLE VINCULACION A DELITO,SECUESTRO EXTORSIVO,5/1/2025,Involuntaria,ZONA 5,GUAYAS,8/1/2025,-2.0018,-79.48557
GUAYAS,-2.22080898427033269,-79.9297857284545898,67,HOMBRE,A24-CAUSAS PERSONALES,CIRCUNSTANCIAL,5/1/2025,Voluntaria,ZONA 8,D.M. GUAYAQUIL,28/1/2025,-2.21978,-79.94031
ZAMORA CHINCHIPE,-3.62437321296462889,-78.5867457969233953,36,HOMBRE,A24-CAUSAS SOCIALES,ALCOHOLISMO,5/1/2025,Voluntaria,ZONA 7,ZAMORA CHINCHIPE,7/1/2025,-3.62401,-78.58656
LOJA,-3.74691549819848335,-79.2676710191376657,17,MUJER,A24-CAUSAS FAMILIARES,NO RELACIONADOS A VIOLENCIA,5/1/2025,Voluntaria,ZONA 9,D.M. QUITO,9/1/2025,-0.20297,-78.49048
ESMERALDAS,0.868007100000000031,-79.8464803999999901,17,MUJER,FALLECIDO,ASESINATO,5/1/2025,Fallecido,ZONA 1,ESMERALDAS,11/1/2025,0.89192,-79.71587
PICHINCHA,-0.163471699999999998,-78.4727735999999965,23,HOMBRE,A24-CAUSAS FAMILIARES,NO RELACIONADOS A VIOLENCIA,5/1/2025,Voluntaria,ZONA 9,D.M. QUITO,8/1/2025,-0.14245,-78.50019
GUAYAS,-2.17627860962992514,-79.8920200333976709,35,HOMBRE,,,5/1/2025,En Investigación,,,,,
COTOPAXI,-0.928018992848863356,-78.6133792082800795,19,MUJER,A24-CAUSAS PERSONALES,CIRCUNSTANCIAL,5/1/2025,Voluntaria,ZONA 3,COTOPAXI,10/1/2025,-0.93688,-78.61419
PICHINCHA,-0.064142825531580433,-78.3504472846557718,37,HOMBRE,,,5/1/2025,En Investigación,,,,,
PICHINCHA,-0.148794599999999999,-78.5064472999999907,19,HOMBRE,A24-EXTRAVIADO - DISCAPACIDAD / ENFERMEDADES / TRASTORNOS,DISCAPACIDAD INTELECTUAL,5/1/2025,Extravío ,ZONA 9,D.M. QUITO,6/1/2025,-0.21882,-78.51355
GUAYAS,-2.13878279999999998,-79.5995750000000015,46,MUJER,A24-POSIBLE VINCULACION A DELITO,SECUESTRO EXTORSIVO,5/1/2025,Involuntaria,ZONA 5,GUAYAS,9/1/2025,-2.11989,-79.57228
LOS RIOS,-1.43610649283317837,-79.757422878106695,29,HOMBRE,A24-CAUSAS SOCIALES,DROGADICCIÓN,5/1/2025,Voluntaria,ZONA 5,LOS RIOS,30/1/2025,-1.43823,-79.75802
PICHINCHA,-0.29891899999999999,-78.5282831000000101,17,HOMBRE,A24-CAUSAS PERSONALES,CIRCUNSTANCIAL,4/1/2025,Voluntaria,ZONA 9,D.M. QUITO,24/1/2025,-0.29892,-78.52828
AZUAY,-2.88679629999999987,-79.0429256999999978,16,MUJER,A24-CAUSAS FAMILIARES,NO RELACIONADOS A VIOLENCIA,4/1/2025,Voluntaria,ZONA 6,AZUAY,5/1/2025,-2.90506,-79.02742
TUNGURAHUA,-1.26833466686427943,-78.6375173387194764,16,HOMBRE,A24-CAUSAS FAMILIARES,NO RELACIONADOS A VIOLENCIA,4/1/2025,Voluntaria,ZONA 3,TUNGURAHUA,6/1/2025,-1.25299,-78.63361
MANABI,-0.952364999999999906,-80.7101464999999934,53,HOMBRE,,,4/1/2025,En Investigación,,,,,
AZUAY,-2.88679629999999987,-79.0429256999999978,14,MUJER,A24-CAUSAS FAMILIARES,NO RELACIONADOS A VIOLENCIA,4/1/2025,Voluntaria,ZONA 6,AZUAY,5/1/2025,-2.90506,-79.02742
PICHINCHA,-0.135369600000000007,-78.4611778999999956,14,MUJER,A24-CAUSAS FAMILIARES,NO RELACIONADOS A VIOLENCIA,4/1/2025,Voluntaria,ZONA 9,D.M. QUITO,7/1/2025,-0.23584,-78.53457
PICHINCHA,-0.122408600000000006,-78.4652482999999989,73,HOMBRE,,,4/1/2025,En Investigación,,,,,
EL ORO,-3.2581112000000001,-79.9553923999999938,10,HOMBRE,A24-VIOLENCIA,HOSTIGAMIENTO,4/1/2025,En Investigación,ZONA 7,EL ORO,6/1/2025,-3.25436,-79.93085
GUAYAS,-2.13940349999999979,-79.5939034000000021,19,MUJER,A24-CAUSAS FAMILIARES,NO RELACIONADOS A VIOLENCIA,4/1/2025,Voluntaria,ZONA 5,GUAYAS,9/1/2025,-2.12902,-79.59052
PICHINCHA,-0.210690999999999989,-78.3955986000000138,14,MUJER,A24-CAUSAS PERSONALES,CIRCUNSTANCIAL,4/1/2025,Voluntaria,ZONA 9,D.M. QUITO,20/1/2025,-0.21069,-78.3956
GUAYAS,-2.28207005882709657,-79.8732194183299811,13,MUJER,A24-CAUSAS FAMILIARES,NO RELACIONADOS A VIOLENCIA,4/1/2025,Voluntaria,ZONA 8,D.M. GUAYAQUIL,7/1/2025,-2.27692,-79.87382
GUAYAS,-2.28207005882709657,-79.8732194183299811,14,MUJER,A24-CAUSAS FAMILIARES,NO RELACIONADOS A VIOLENCIA,4/1/2025,Voluntaria,ZONA 8,D.M. GUAYAQUIL,7/1/2025,-2.27692,-79.87382
MANABI,-0.692929779783524213,-80.108802081274419,39,HOMBRE,A24-CAUSAS SOCIALES,DROGADICCIÓN,4/1/2025,Voluntaria,ZONA 4,MANABI,9/2/2025,-0.70084,-80.1087
SUCUMBIOS,0.0831768003173219417,-76.8791286151330127,40,HOMBRE,,,4/1/2025,En Investigación,,,,,
PICHINCHA,-0.257572799999999991,-78.5164077999999961,16,MUJER,A24-CAUSAS PERSONALES,CIRCUNSTANCIAL,4/1/2025,Voluntaria,ZONA 9,D.M. QUITO,12/1/2025,-0.14198,-78.49639
GUAYAS,-2.15205810000000008,-79.9418794999999989,23,HOMBRE,FALLECIDO,NO DETERMINADA,3/1/2025,Involuntaria,ZONA 8,D.M. GUAYAQUIL,16/1/2025,-2.19487,-79.93848
LOS RIOS,-1.79591586140053505,-79.5221693596801771,22,HOMBRE,FALLECIDO,ASESINATO,3/1/2025,Fallecido,ZONA 5,GUAYAS,6/1/2025,-2.00027,-79.41319
CHIMBORAZO,-1.66590250000000006,-78.6580019000000021,19,MUJER,A24-CAUSAS PERSONALES,RELACIÓN AFECTIVA,3/1/2025,Voluntaria,ZONA 3,CHIMBORAZO,5/1/2025,-1.66593,-78.65925
LOJA,-3.89914649452408568,-79.6484815690795784,13,MUJER,A24-CAUSAS FAMILIARES,NO RELACIONADOS A VIOLENCIA,3/1/2025,Voluntaria,ZONA 9,D.M. QUITO,24/1/2025,-0.30077,-78.54845
EL ORO,-3.25588168844348935,-79.9629317872461485,14,MUJER,A24-CAUSAS PERSONALES,CIRCUNSTANCIAL,3/1/2025,Voluntaria,ZONA 7,EL ORO,4/1/2025,-3.25862,-79.95658
SANTO DOMINGO DE LOS TSACHILAS,-0.264647275326713283,-79.1603820631298021,70,MUJER,A24-EXTRAVIADO - DISCAPACIDAD / ENFERMEDADES / TRASTORNOS,DISCAPACIDAD FÍSICA,3/1/2025,Extravío ,ZONA 4,SANTO DOMINGO DE LOS TSACHILAS,8/1/2025,-0.25579,-79.19008
GUAYAS,-2.2476217912616967,-79.8923245889549207,13,HOMBRE,A24-CAUSAS FAMILIARES,NO RELACIONADOS A VIOLENCIA,3/1/2025,Voluntaria,ZONA 8,D.M. GUAYAQUIL,6/1/2025,-2.24758,-79.89235
IMBABURA,0.380689999999999973,-78.1621437000000157,53,HOMBRE,A24-CAUSAS PERSONALES,RELACIÓN AFECTIVA,3/1/2025,Voluntaria,ZONA 1,IMBABURA,5/1/2025,0.38069,-78.16214
LOS RIOS,-1.80206144724113582,-79.5132923126220703,13,MUJER,A24-CAUSAS PERSONALES,CIRCUNSTANCIAL,3/1/2025,Voluntaria,ZONA 5,LOS RIOS,6/1/2025,-1.81369,-79.54726
GUAYAS,-2.21959121048380403,-79.8939819006261729,15,MUJER,A24-CAUSAS FAMILIARES,NO RELACIONADOS A VIOLENCIA,3/1/2025,Voluntaria,ZONA 8,D.M. GUAYAQUIL,29/1/2025,-2.21946,-79.94005
GUAYAS,-2.08438669838815605,-79.930532076980171,26,HOMBRE,,,2/1/2025,En Investigación,,,,,
GUAYAS,-2.16742680152969491,-79.8413451276797446,29,MUJER,,,2/1/2025,En Investigación,,,,,
ESMERALDAS,0.983169226997703039,-79.6670776206238713,35,MUJER,FALLECIDO,FEMICIDIO,2/1/2025,Fallecido,ZONA 1,ESMERALDAS,7/1/2025,0.98634,-79.66251
LOJA,-3.98327715963860474,-79.2383367894415187,15,MUJER,A24-CAUSAS FAMILIARES,NO RELACIONADOS A VIOLENCIA,2/1/2025,Voluntaria,ZONA 7,LOJA,28/1/2025,-3.97971,-79.20127
GUAYAS,-2.12941724602486593,-79.9467607271004113,22,HOMBRE,FALLECIDO,ASESINATO,2/1/2025,Fallecido,ZONA 8,D.M. GUAYAQUIL,7/2/2025,-2.19463,-79.93907
AZUAY,-2.89673669999999994,-79.0205544000000089,23,MUJER,A24-VIOLENCIA,VIOLENCIA PSICOLÓGICA,2/1/2025,Voluntaria,ZONA 6,AZUAY,5/1/2025,-2.90013,-79.0059
CHIMBORAZO,-1.73135689999999998,-78.597004400000003,36,MUJER,A24-CAUSAS PERSONALES,RELACIÓN AFECTIVA,2/1/2025,Voluntaria,ZONA 3,CHIMBORAZO,5/1/2025,-1.66502,-78.65888
PICHINCHA,-0.108103599999999994,-78.5057370999999904,40,HOMBRE,A24-CAUSAS SOCIALES,ALCOHOLISMO,2/1/2025,Voluntaria,ZONA 9,D.M. QUITO,5/1/2025,-0.12353,-78.50485
GUAYAS,-2.17492852223207889,-79.8187721384470166,17,MUJER,,,2/1/2025,En Investigación,,,,,
GUAYAS,-2.17492852223207889,-79.8187721384470166,16,MUJER,,,2/1/2025,En Investigación,,,,,
PICHINCHA,-0.20960970000000001,-78.4851395999999966,54,HOMBRE,,,1/1/2025,En Investigación,,,,,
EL ORO,-3.2581112000000001,-79.9553923999999938,29,MUJER,,,1/1/2025,En Investigación,,,,,
EL ORO,-3.23689037749687492,-79.8270177779687913,15,MUJER,A24-CAUSAS FAMILIARES,NO RELACIONADOS A VIOLENCIA,1/1/2025,Voluntaria,ZONA 7,EL ORO,17/1/2025,-3.23843,-79.82753
MANABI,-0.00780663982671556383,-80.0807883404966816,16,MUJER,A24-CAUSAS PERSONALES,RELACIÓN AFECTIVA,1/1/2025,Voluntaria,ZONA 1,ESMERALDAS,21/1/2025,0.8575,-79.86867
EL ORO,-3.2581112000000001,-79.9553923999999938,15,MUJER,A24-CAUSAS FAMILIARES,NO RELACIONADOS A VIOLENCIA,1/1/2025,Voluntaria,ZONA 7,EL ORO,2/1/2025,-3.26235,-79.96271
IMBABURA,0.447328800000000026,-78.0052677999999986,17,MUJER,A24-CAUSAS FAMILIARES,NO RELACIONADOS A VIOLENCIA,1/1/2025,Voluntaria,ZONA 1,IMBABURA,4/1/2025,0.35328,-78.12615
TUNGURAHUA,-1.25982529999999993,-78.6207782000000037,94,HOMBRE,A24-CAUSAS FAMILIARES,NO RELACIONADOS A VIOLENCIA,1/1/2025,Voluntaria,ZONA 3,CHIMBORAZO,29/1/2025,-1.66502,-78.65888
AZUAY,-2.83298290000000019,-78.9956408999999979,13,HOMBRE,A24-CAUSAS PERSONALES,CIRCUNSTANCIAL,1/1/2025,Voluntaria,ZONA 6,AZUAY,3/1/2025,-2.83298,-78.99564
AZUAY,-2.83298290000000019,-78.9956408999999979,15,HOMBRE,A24-CAUSAS PERSONALES,CIRCUNSTANCIAL,1/1/2025,Voluntaria,ZONA 6,AZUAY,3/1/2025,-2.83298,-78.99564
AZUAY,-2.83298290000000019,-78.9956408999999979,18,HOMBRE,A24-CAUSAS PERSONALES,CIRCUNSTANCIAL,1/1/2025,Voluntaria,ZONA 6,AZUAY,3/1/2025,-2.83298,-78.99564
TUNGURAHUA,-1.33450612907389266,-78.6427761796928451,20,HOMBRE,FALLECIDO,ACCIDENTAL,1/1/2025,Extravío ,ZONA 3,TUNGURAHUA,5/1/2025,-1.33971,-78.64309
LOJA,-4.00235590000000041,-79.2343331999999947,18,HOMBRE,A24-CAUSAS PERSONALES,CIRCUNSTANCIAL,1/1/2025,Voluntaria,ZONA 7,LOJA,2/1/2025,-4.02405,-79.19951
EL ORO,-3.2458711213464797,-79.9707436945802499,15,MUJER,A24-CAUSAS PERSONALES,CIRCUNSTANCIAL,1/1/2025,Voluntaria,ZONA 7,EL ORO,5/1/2025,-3.24686,-79.96985
PASTAZA,-1.48674776006129594,-78.0029305680301519,13,MUJER,A24-CAUSAS PERSONALES,RELACIÓN AFECTIVA,1/1/2025,Voluntaria,ZONA 2,NAPO,3/1/2025,-0.98688,-77.819
MANABI,-0.604726600000000003,-80.4020479999999935,21,MUJER,,,1/1/2025,En Investigación,,,,,